address,in_degree,out_degree,total_degree
0x0000000000000000000000000000000000000000,4,1,5
0xa0b83e91c62289516b20167888752e19557ed683,2,3,5
0xf32682d5f99ba4143532618d6f516859a055ea06,90,218,308
0x06fed18718975d9e178e0c0fea35c18eac794c3f,4,11,15
0xefa9aa1f0b80f8df420204fdf8541e3012d576fd,1,1,2
0x6c0fc6d1b1d09d6f4725a06c999d3a7f1d39ce1f,1,1,2
0xdeb257ebd3e0f2140b9bd8630d36a0af249cc4f4,1,1,2
0xd6619c3fdc8745c4efc0b6c0e0d1691ec9a2ec56,1,1,2
0x2d1fd0d691982756ba8fd3f9290d3fd4d7a22855,1,1,2
0x4dff716ea8a4eb70012fedb7c9974e846ef0450b,1,1,2
0xb1af6aa1ae960d01ac9727521dadee8c145aace5,1,1,2
0xa6c7b2447eb648560e9fa5333a04028818ed3601,1,1,2
0x96cc5af178da3b38703ee0a72b3d0d2d70631fd4,1,1,2
0xe35117e4512ec9ab1e2d35551dd8f6ab74e82ab6,1,1,2
0x31e9ff01765ee59fb72fa120bd9d6c1b1dee8844,1,1,2
0xfb3d4e5de6a93194fdd6622de05e3b860c0c6b52,1,1,2
0xbab1d062df737bed1ede71ef66f056577755469f,1,1,2
0x1d0fc2d8a3b406c67b1db9279d878d1d33581252,1,1,2
0x9b53723ef104396f1f44a378a84a15067e11e166,1,1,2
0x1a4c49cd84e5de48d4a167dd804ceabd64d2dda9,1,1,2
0xa0754b7a37ba4f9f7961c707bdbea8ea5d669287,1,1,2
0xd5395907e610b385cc735b47367b4572011c57e3,1,1,2
0x8506e73e760f331b8f7ab86c9d4e40b35f11ddff,1,1,2
0xce1d448fcb80d5794747fc11933bff2672881bfe,1,1,2
0x8b6d357aaf989ac321adcb2a86094eb37a18f855,1,1,2
0xc6404f24db2f573f07f3a60758765caad198c0c3,1,1,2
0xadf6afa5b0ad3fed0c74db3c74a78c903fe488db,1,2,3
0x62dce9c8e951d48632b1d84f7a33602019f20fbd,1,1,2
0x0b0fdd3195865900fe0586a2dbb82a0cae243bdb,1,1,2
0xe6e0c23a41b1d21fa84ea41b9a32667c3d875070,1,1,2
0x4c40c64510b40face1de92a2f6495d52b0f98695,1,1,2
0x293fce268ca6f3708d1bd86a34e49de260592ef1,1,1,2
0xfcac8d500afa7454b4ed9610c99b5976eaf9ff77,1,1,2
0x93f6272c6c01dcb4cf7acddd3d3e7f44ea1d2977,1,1,2
0xd24c941f5edbe451395544658c0df6df056c6ad0,1,1,2
0xa49006ee64b9cd689088d991f6bdedc7ea866dcb,1,1,2
0x56b56c35500e58bc83b312f79f02251f5242fc77,1,1,2
0xa849c67a0bcc281c26975ef9e6e7a73388be0f65,2,1,3
0xfd71d217a5a94f4f8cd5f6cb0a708126cd626b26,1,1,2
0xa33eceaf3e42fd9f946a10237378e60b36af60fd,1,2,3
0x1398bd0e6f24f16ab623510fe11f83c5f275dbec,1,1,2
0xed1a543c8411981db030fb740bdf37acf4c9f188,1,1,2
0x495066bdc4346da31823083763dc0afd358a44b8,1,1,2
0x20519479aecf40c6e048203a150f5aa914ad2a60,1,1,2
0xc37854375710c30d5502d532ee06499c044c4bcd,1,1,2
0x546326f7f90d1f9fcd558414bbd07aef9af2a114,1,1,2
0x8d1da4f93c95da0c66cfd21773d6d01504a09124,1,1,2
0x2c44955fde89d56aa4258c114a0b7ad00d2fc827,1,1,2
0x04e638fb781fe9b9179333c2201c5b6914da1a28,1,1,2
0xf8df6c8def724b0ee0adcb709b8d924f511616ee,1,1,2
0xcde62db316303312a55f6c2aa6f6f7b924ac18d4,1,1,2
0xda1001941bcb25693a48a62deb2d971fecae8305,1,1,2
0x86ccf0491ff9cb7dee93b5061a946ec714407fb8,2,2,4
0xe81413b4e1dbb71793a2159127e91814b743803e,1,1,2
0x2455baf27fba3ed94286dbb0691398aacaf03811,1,1,2
0xd51775e48e6854e9f65e1ab5443ea3f7a4716ff8,1,1,2
0x3908065422c829f32c2fcded83377717a7ce9314,1,1,2
0x42340dd22083988509e53b000d935ce393d9920b,1,1,2
0x6446afb003e8f24be24babdceca89ad944b294e4,1,1,2
0x669e66109eaf970c962bcad052fef29016a46aa1,1,1,2
0x33c2a64713222fa8c9dee0ff1b66a6cee653f6ed,1,1,2
0x2f9c2e74732373ad3c58077ce865dd01f89516fc,1,1,2
0x52e3729ccbd7b9af95075eabae64fadd81f29ba0,2,1,3
0xcc4b406a67eefbfd90cc758a76abd780398b0b42,1,1,2
0x1bcb94a1d12064c50a7296fbd762cc86e4cf9f73,2,1,3
0xde63c3ab7f58dc5611f64b2aebe1b471b798af36,1,1,2
0xc45def7fe61191678e0cedff0648bed4e3aef586,1,1,2
0xf6f09f82ff1b416f84dd0bf9acbd0515d05e5f4f,1,3,4
0x06d736403c38684c367812e33fd5df0cc7f1b1e3,1,1,2
0x8005c62a766e66795b5de4a18266e8e3fbada3f9,1,1,2
0x1a04e66dff3182677753845e8662b2004a981213,1,1,2
0xacd0b2b5b77fa448d38227f1ccef52f4b1c83ddf,1,1,2
0x9cb580bfbc94856bcb41b567cc3228f6c24e86bc,1,1,2
0xf6dbbf619c2a3b6de9d5215e026cd55cf0f4d292,1,1,2
0x480c6e509c42d320a48be164ebb89283563e3302,1,1,2
0xe94b4f5653a047903770ec3bb955668fe0e7a391,1,1,2
0x1e63befb810bdda624f2e4ca18d4d2e52b666e92,1,1,2
0x05cdb10a43b289073f1a871dc121981c64207ccc,1,1,2
0x3ac82a251934d4c62aa6be36be6f3b8ff7959e5c,1,1,2
0xf7b64b214e37e64f26da754a18b7a3039a22d2c7,1,1,2
0xb5e78f6dddbfca1b2e6a35f7f9b8c3cf9a47a5c7,1,1,2
0x17e0f77415c38b3875bf059eaf1cba76538905d2,2,1,3
0x978b1e2cd793d5389db72527d4368df45f36fcbc,1,1,2
0x5e878bd819fa12c3900483fab96008f5dbd77b90,1,2,3
0x010d409811ef495aac1f4e5b5a09bb093ab25519,4,0,4
0xb111aac0cf0cbea836e600b7c18a31ad32447589,2,1,3
0x3ffbe4f9ad223b3c3a00e881984b5d5750b9775f,1,1,2
0x1422486242bd338aedc1248a20142786d585874c,1,1,2
0x1e8835047cb834e87704109d3daff78ccd2be40c,1,1,2
0x5753a70b44848dde5b9478d2fc33e911add1976c,1,1,2
0x64906debedd1c82136f8e5f825bcd9a364dfd93c,1,1,2
0xdf32d70e4baef70ffd70b69dfd7ad0109c65a690,1,1,2
0xe37e6b49a455daa232b36e2864ed74594704202e,1,1,2
0xa59c6775aa36726d353f815df998e5385524bfff,1,1,2
0x968ab9731bb35c5a1bc601eaf135619d139ecfd5,1,1,2
0x2f05d94c6d16ec7562169387415b6c480b1ac212,2,0,2
0xe8b19b92b9634a391b7857d6a47a9afafe6b2a0d,1,1,2
0x79856319271bada6c69988fbf54ca02a5584672b,1,1,2
0xbb54a96d894c5d3f342e1e605f2af955b28fa003,1,3,4
0x0aa602857bf7d8e2e9ed5f7ef1e5ac13444f754b,1,1,2
0x7e2ae23c15b98745385c2cf82aa9f9105b1c6d6a,1,1,2
0xcf8449dd9b5c7dff0bdb518b185f6ed688c04fbe,1,1,2
0x7c397c25306b73504d31a1592c43605bf51aad24,1,1,2
0xd774afe66646dcdc1fdecbb24a341049a8bda4a7,1,1,2
0x46345c55b4a3f34b4e4a4c9c261d922806ddba97,1,1,2
0xcf6fc74a0ffb25a93cf4aae5a26cf2c32adaa763,1,1,2
0xd1eb1d9d0493f3c643f2b49f430a734ad149df28,1,1,2
0x1174a80a03b55ccc99b3eb4ffb0d6edc59a39805,2,1,3
0xba30ea8d55de7a43862b23e09a57ac89a8bbe41a,1,1,2
0x4042c142c1d352740d40fa352886efa0df2dd75d,1,1,2
0xec26ce07ac23e79dacb0cdd1bed9f4e424b215cd,2,0,2
0x4b587113d591418998c1254d25c9100f8ded84a2,1,1,2
0x4ffe4311d1bc9d15862be75e2df8fc49a9bf1392,1,1,2
0x32b921ffec7cc60aca13f83f11732084eddc0a9d,1,1,2
0xe15d368c93940f11cd5894046e33c4ee778c5d68,1,1,2
0x95e02bffa66aa6b82c7f676b3dfe72a6a5a6d323,2,2,4
0x184d722738a34e727ba1e44c520861761d0f8fe5,1,1,2
0xbbf08abe100499c3e7c8b86e08c69c1fb2f6667a,1,1,2
0xb2ef019244176eadf3e6c089159e723d0bc8cb47,1,1,2
0xc900e727a5327a719d5e4f7a54d068ffa278cede,1,1,2
0x93963c32d0f4d25bedd90191c24673bfcb346ba5,1,1,2
0xde139b9986c48dee611c74a9331f5cb6f66fdb5a,1,1,2
0xb31763897d4ea872a1506c175065d963b60b5673,2,0,2
0xa8a88765bc4aac1cd51e40dcd259d0a8f5c420d7,2,2,4
0xfdc34f61ccc6e5cbf8d168614ab29bae624085c9,1,3,4
0xb033106df5bb71a3b74f2e4651a5fb2111f2bdd6,1,1,2
0xac51696b305b0a0d964262489cddedfa5f98b48f,1,1,2
0xdaf127e3cdcd13a893f3ac5dfc2ca8426aa9f96e,1,1,2
0x28f08f941a399814504372b75abe66a80a1172c4,1,1,2
0xacd3c6695fc26a52a4930af910740aa35480937d,1,1,2
0xba46fda3f5135533504f8d124a5f2fbb5f64143e,1,1,2
0x910e5cb59c7b056fe1b239286837adaf0f361769,1,1,2
0x3adaa85a40dabfcd4d0c40868b6cb3ad7cc82267,1,1,2
0x8a7aa211f238b05b42a3c684baae0fdfb5215dd1,1,1,2
0xc9504f6f582ae4a3513620757bc30ebcbb3e9ec8,1,1,2
0x7ee13b84900a0f0706fa639da8a14daf79ae12d1,1,1,2
0xacfa549f066226693a097a57c4ba9cb8dc755100,2,2,4
0x69f1d1a308e6cbf299468c87575cce870c0e867f,1,1,2
0xa967f520567072497c444478dc8dcd0490363c31,1,1,2
0xe65f12293d2c2283b4dff57d467fd993b9830158,1,1,2
0xa34c35456071624a8843653630569237c2ad905f,1,1,2
0x87e61738588dcb706a2d4730fe76d29dffce3949,1,1,2
0x08bda5a8904d3b60f804becda6f553192def685e,1,1,2
0x14e65e3340c039a07c68838a65f67da30a34f1ac,1,1,2
0xe0d64a6677d0ee9b0386068f4f315ea36bf429f3,1,1,2
0x51ab59b6ce05f520de211c9cb9e86d9b36510988,1,1,2
0x8abebfd22e4436b7a915b604b05513b1d949f9c2,1,2,3
0xe645dabcc88a9a6ad9329f34081ef5ba8a616826,1,1,2
0xb6c0859e7353b90d0883cc93f67cb954d4fcd394,1,1,2
0x960073a12c6cfde252a5c36a9afccb5d4849d2ca,1,1,2
0x007bb0518b03f1a8c00e9bb545640800d1e91444,1,1,2
0xba777b3659b73e4e04a51bdd1591924e0c40ce2e,1,1,2
0xc5cf279f4d83f6f45119cacce48b496c1a85ea1b,1,1,2
0x1c68782a11e56a51b5ed87b95efd2f4442b36e5f,1,1,2
0xf37cb8e841f870dc4ea7e948f2200e7f094b58d6,2,3,5
0x53208bf374e1a96dd51bff9fff74cf28ef910139,1,1,2
0x8f79f9cc9b9bdb24e4292d05229475a934cb2a58,1,1,2
0x893716db1dfb01d76a4e018fa4b1a110424b6d5b,1,1,2
0xebbcfae47b01710e77594df3f929f482cb1f18df,1,1,2
0x772e9eb2f27bd523b2ba6560b82578d2e1b18ec0,1,1,2
0x9ecb4feae7cb33e01e57bfec08afe083710a9e4e,1,1,2
0x7adedbcd3e763b4dd1c8071955778fe607c3ed43,1,1,2
0x5a12fe8178c014ea2a5cf5b2fb519e3246f0d792,1,1,2
0x6201b8a3a6f99366f7363b28fca06189ede5d26b,1,1,2
0x92dca2a26208ba2ca2cb0dcf323c15ce1351db46,1,1,2
0xb0485c670b9463531d7731ff282976b546b631b7,1,3,4
0x3da452fd6947bea2735c5eaea04f1c22587cb5b2,2,10,12
0xdc892c3a3b400376f0f0901211511648900437f3,1,1,2
0xb3d8ee4179e11ded27e39cbe053b415186abd8e1,1,1,2
0x0aa705020ff78fd59208ae784601a3739d48e020,1,1,2
0xaf07801f948dde274b1a871f5540f6d6dfd9f9ac,1,1,2
0xbe00e487f23bdc50bfdfe23e2e075d9b401d7699,1,1,2
0xbf81515e30fad7f423f15630d1d45df935718e2c,1,1,2
0x9a9ebd4c0f09bc22530f473fef4f7e0e852c35d5,1,2,3
0x2eda0de065abaeea4e15aab5822a6f4694679acc,1,1,2
0x4a58e83ee0551ee52546232ed0dbd88075c8382d,1,1,2
0xa3d06b0da5ec9e953b442a36d5f613cd5a3650fc,1,1,2
0xd3ba701f804c6ebd2ca9993d529191dde232be8a,1,1,2
0xa0d92ac204111fa521506bff143b12b499382c7c,1,1,2
0xc6cbe1a4458eff6d1e8ecf0a25161467761fe9e6,1,1,2
0x9703c729d8c406a0a0869538f738ae86cef7f609,1,1,2
0x072b6f18349e39b0ecd04abf6606602f47da1a0d,1,1,2
0xaffb9b97b99dba9db32afdc91f2b1371464a7ba7,1,1,2
0x39c44303c08b14bd0f91e9b2584e2891b5a34719,1,1,2
0xa7b1da26285389d8bb2d73aa4566c91dee4bc131,1,2,3
0x8fb0dd8bdd80ea8f26fbe4a0bfbf71fe6e3bd818,1,2,3
0x78af9aa8a266e6629f8d152212a8fe00ab2d8606,1,1,2
0xb541baae47d69cc3032d123be547a75bf8c363c1,2,2,4
0x850c729125e1213d0633f646266e63877c7fadf5,1,1,2
0xe6ba95d8773339dd42979d362559c426209064a8,1,1,2
0x16c586e438af14442b810642e04106ae3ec6afab,1,1,2
0xbdfaf47dde98f6e7f82886c7296c418b3da07d29,1,1,2
0xee0126aae7d26f88ce525fea406b537e8a64e577,4,2,6
0x6d8dc38d2480b656959475e471b74c862aeae208,1,1,2
0xefed902b13df1b3b248e4ecc6e6feef11204cc8d,1,1,2
0xb7b1c10df6fc0d34b0d544f97176a5c8bd9b2824,1,2,3
0x97b0d11daa907adf8221ded595a4e995d912e7f4,1,1,2
0x0fcbc6ed66ac16ddf00cad5fd8dc7ce102c96379,1,1,2
0xe6d3fb1b7f2db17c34d4bb232c0830ba36178086,1,1,2
0x1e1148cd796ded55dc541e5210298ba92dd31dcb,4,1,5
0xf94f4b5584b1e01336685571e8fa6742f03f5cdc,1,1,2
0x347cf668421daf1383036aede470b11af5fbd034,1,1,2
0x95cffd2b2f5e59403d16b131c5b8504c279db3f3,1,1,2
0xf68b1c68c2a6888161ce2b93bcf9659653a464db,1,1,2
0xa859daa59f2a400ac6e805849ff34268d9b38720,1,1,2
0x51bc5484bef1653fb2fc837d1cdf056c5fa33712,1,1,2
0x894e729d8bb64f7673a84db21790d491845ccdf1,1,1,2
0x5e42454cae2dec744ff8605c998213b393e49f56,1,1,2
0x95ed84a2236861f56ab2ccf0a7038a226410cfa8,1,1,2
0x13b0033b2a583e7e7c14789d12e5e75d00e25caa,1,1,2
0x5326034751a5f9bcc87a47b10a65a9ae0f568851,2,3,5
0xddd13c47f44b0010c924976b27683b16f0dab14d,1,1,2
0xe1e9d043b273176185112d3abd087de2d5fa4b95,1,1,2
0xc50ad2abfa1dc95bd7b5a0a7a2caa06e995c9bdf,1,1,2
0x5b7b1518fd0208155a73817674ac577736852d96,1,1,2
0x2b51e3137f7e4650a3a0b3582f1b68276b782351,1,1,2
0x81c0d737d52b2cd13932d81e061a1c80797336f9,1,1,2
0x7337c0a83661b4c098343a0cadba677d2c199c31,1,1,2
0xbda5743d25a9f067228d84a4a31ae273c8f7446f,1,1,2
0xd7e86ed9f5a753fb91ed1d1920358ed3575ad3b6,1,1,2
0x59c97b565f1a57d44e0457a98325f8196b59ecad,1,1,2
0xf27c5ca948201cf19df13212b9989bbf44ddc572,1,1,2
0x717c021d0aa8d101c46fec83b93c2964a95d3755,1,1,2
0xeb056e41f7b6ad8abdb79a868e53d7e4ccbfd32f,1,1,2
0xbd86d0ad7ad6f70dcd26631d06af8d90ac26227f,4,2,6
0xf13a33e22c873912a7da420b27275448284ebd42,1,1,2
0x9de2ba4b8153142245352d48e64ec24c7cf64e44,1,1,2
0xac7bfd3bb2b53e3191bb5bfdd62adcf330c2df03,1,1,2
0x55bc9669d55e2de79daef8e1addd82d05b74fd9f,1,1,2
0x74dec05e5b894b0efec69cdf6316971802a2f9a1,416,880,1296
0x58b4846ae4dae37ef6453ed0beb6b6b861c7e0b0,1,1,2
0xc8b5bba4cbcc47b1d7f1b1caa6f8f60ccc43c45e,1,1,2
0xe153ab2013e7df9569b2c1fb9300a5d94266bf29,1,1,2
0xf168124ad515ebce061e5346874667717fd13f9a,1,1,2
0x2fbc3ef1906d098cbb34fca099095f9788570327,2,5,7
0xf16327f49ef3bfdc26e2680af49f2f527216a083,1,1,2
0xfe9fb45b58e955a1ca155fa8574db2575e84fd69,2,0,2
0x59a5208b32e627891c389ebafc644145224006e8,2,59,61
0x06a9df6e19556e8ea5dced28b30d596f87a3f3ce,1,1,2
0xeed626a0350e953aeefa7b387474ca9a8b88d0e5,1,1,2
0x0623fc6346ceb39a2a85c7115065c9222464d294,1,1,2
0x2ceba99d6fe94bf65913745273f36b3cc2a61d0e,1,1,2
0x1f5223120d62a92ebb2976d2f01b79151dd9efc3,1,1,2
0xa12431d0b9db640034b0cdfceef9cce161e62be4,27,2,29
0x7d755a9c7917a9fd5bd2512506e76628ece612cb,1,1,2
0xbd1787b53967367e28c0701e4d56db442aab0cbb,1,1,2
0xaeb40e5cb4a532656e30a49eefa65250701c6f69,1,1,2
0xf0447918dddb214216078383d33d16d8f954ec72,1,1,2
0x701386af6fa56e45f58f0adef76d9393d4b9acc9,1,1,2
0x21b00de87fa333fa0ca4aee3b23bf0489f426220,2,2,4
0x8fff1c7a2a681bc2524d0d183a3a523436a6b339,29,38,67
0x29d89758be51a71f9f70e3d7beda0153f620ef8e,1,1,2
0xe131ca2f09c1283903f8962ea08736c05be56d9c,1,1,2
0x6c380fbd58fd5a46e710626ad1ce9346fe81a63a,1,1,2
0x09afceb0a0544919022b486c7dd3507ce82c5112,1,1,2
0x08db9e7336a37a3f0ac25fb26755631d5aeaac00,1,1,2
0x406cbfc2d391bed42078138165465128b4e0cb06,2,2,4
0xc2599ebe1944a26188ebb1e469f0dedfd83b188e,1,1,2
0x28df38b94850b7c1e01726dc1200a6f9a7964355,1,1,2
0x59f1e431afeaf1aebe5c1dc45edaeda56af30065,1,1,2
0x8c9abb2514f0fc95610733a0c4eb23194fe05206,1,1,2
0x9ecb52f05c455d0e48b71157ee338ab2fcc2a249,1,1,2
0x600ced30543a83b168af46601f8c459d52038a85,1,1,2
0x1b3175cb24346d214e9b6671f126ff4e3db3b692,1,1,2
0x45de68bf7f484525b3fc2910fe46b53af7bc0cf8,1,1,2
0x1f1875d89ba6aa0a5e634385b70b3ddb8fc8cc15,1,1,2
0x418740e19536785a1fa344fbde300114e65cd301,1,3,4
0x7487ed05aa4c93f4a84ab4e438a6008bbc00c6d0,1,1,2
0x630875c9c07edf2ebd53204149a560bfc3a4f972,1,1,2
0x98686081aaf307975fa7b8ec6bd964169f725fe0,1,1,2
0x18855729a9d350ce47005fd94e070fe349500b02,1,1,2
0x68368fdd91b7a92295dd97dff17416006ccf9a3d,3,4,7
0x87f405d3e8c48e9a9622b78e78c7342f84b76c20,2,2,4
0xeca5cfaaf634b9abe1d2160370b4f8c7972bc702,1,1,2
0x36538b1f58d55e656263df559384bbd6b8aeeb56,1,1,2
0x92d2b517316497be300095ae6cdeff9a930250e7,1,2,3
0x744f25650af7cd016df7221bd07647ca25dfc2f3,126,147,273
0x46ab3bb8e34e2620104d7508573a83e733ab639d,1,1,2
0x3630cd20d378756c7a002ca6feca6f27d32a0c1d,1,1,2
0xaa05751354b80dedbd6a29220e64376759aa99b7,3,1,4
0x93962430ec66605939b9a396ab4ba1c7434cb0a2,1,1,2
0x629372dd1711ec0d45074fb0dd740a96a33ccfc7,1,2,3
0x8f135ef702b18b35c182b4f121f05aab21838a50,1,1,2
0x187efb9b77a1a73d482ece049b4aa4db07a2bc08,1,1,2
0x1c481b6caf08e7749b1c151d5c03c417f7861622,1,1,2
0xbadffcb79efe57e954fd79621b29b0c2dc170171,2,2,4
0x72d3dd9b5a1c2771543365354e2b6713c6e28bee,1,1,2
0xea606aa88ad25e464df413c860703d23d60ab53a,1,1,2
0xc44abffdb232befb250bc1f69e83f7c6bc2dffe1,1,1,2
0x7ae5c5c16fb5995d1c9542d4b0741bd3c1f8580c,1,1,2
0x1a49d92328d3a57689148eee9bf13e0a7145a4a0,1,1,2
0x8a5f70f1cad2883101baae59c6aa2856f64c6a55,1,1,2
0xb2fc200617ef7567c4e31a6e2f9932e974ad6072,1,1,2
0x78aa67813545830c596f8652a3aa7f34c3abd898,1,1,2
0x5bf2e0015318fb5e84e76f577f00a8d086dca7fd,1,1,2
0x9817beb7d78fb2b50040cb8dad588baa791c7a5e,1,1,2
0x56a65a5a1d3ebbb186b265184894b616b79b96ee,1,1,2
0xd102d6c18b4f12c5ca120c19fb35ba5e96d3bce5,1,1,2
0xc45630ef0ac56711567dfb9486bd3642d0757a2b,1,1,2
0xa00db4f33e152c966d3acecb2441fbb541699995,1,1,2
0x6705a20de7dd075a3d75bfb83e221c3234c771d0,1,1,2
0x4fa583ee3ceb20f8bc3cd8f9f192b58e9a50790e,1,1,2
0x3da484778533eef8c4e2338f228dc37c686c2166,1,1,2
0x7dd1a443917908041684abb6be891a25789ad490,1,1,2
0x1272ad9263807e7d6049c81597f0b9925c3b6e5d,1,1,2
0xda2a9e3f12c4af1772befe73057faec1dbe79aee,1,1,2
0x58eb386c7d1461015345be12933c156ccfdc5717,1,1,2
0x73a362fefbbd8cc97ee25f9a2473e7e798a7ff06,1,1,2
0xc16414ac1fedfdac4f8a09674d994e1bbb9d7113,1,1,2
0xe72cb9f5b712fb94bd1b8b9589c2bf80efdbae34,5,5,10
0x1874e6d4ace29272386439bf6be79017875be80e,2,1,3
0xdfb561b0eea38462a437ffe5b99f18c2bed1f661,1,1,2
0x8f6485f44c56e9a8f496e1589d27bc8256233e0d,1,2,3
0x57e5f89e0559def637cced80c71ea28ae82a7aae,2,0,2
0x5488d6ee2bf6af1bda16e23147c779cf7606a297,1,1,2
0x276d40b59063571b199fccb828126daf0cf84106,1,1,2
0xc985fbc7030a037186e874528543df06816c2985,1,1,2
0xa04b6e284416b93e90ac08b21bfa0115b78acd50,1,1,2
0x17200399f4f3d7ef40773aec553fd4aea0e2734e,1,1,2
0x0a1d19998ad8829b6944ba9d6bfd8ffd47440b79,1,1,2
0x8ebd10fe696288c6ed1e024064fdf54541aa63e0,1,1,2
0xab9d3c8e7132e80bce2968e3f745a51344b2c9c8,2,1,3
0x12f09bd87596327077f6f9d4b0d6d0f6b05f8d0e,1,1,2
0xa65d120c3f7de5e444b7410fd571bf76eea1a9aa,1,1,2
0x8ea9ba40e7c6c8cf34f40e598f6bfa436ff79421,1,1,2
0x945dd0eaca3ca61a60cf61ec7939466d673a75b0,4,1,5
0x0666cd77aa2fb137399de86accd48b1b7af8e31d,1,1,2
0x78698998a1a4d4b0d8f946e54f7c2859a64ba411,1,1,2
0xa04a27fa76cfb85437823324b198d711d1f76adb,1,1,2
0xb2b2d35e5a29556b46c53c83c11e6e2babcced55,1,1,2
0xc982dec7ef824b42b11f5e59d3cd7c5ed9b5937b,1,1,2
0x5ab97bab4f9484dece98bcbff17247c4833b3bca,1,1,2
0x1de4ca529bb830629dbbd9358afc8fb77bdd3ce0,1,1,2
0x3703ecd603825db0a6fc53d0c4d3c2a7f1cc327c,1,1,2
0xfc0b35cf12cc6a8228156f353ab56d7a949e2c1a,1,1,2
0x5ab9d116a53ef41063e3eae26a7ebe736720e9ba,2,3,5
0x31a4e449238547158a55558024e08234e574cc35,1,2,3
0xd86e2d30c60c9343ff266b052d9ee6537c21dcd7,1,1,2
0x4f30be41b60e34c242c0b776ea4995478cadbf9b,1,2,3
0x1b1f28e94cb759495af8aea0f2ea366f35e88d15,1,1,2
0x6458f999e595d3bda5692db9df011ccd4ab13a96,1,1,2
0x1413abdb070df22991e45be92e13c6381d84637f,1,1,2
0x5d4724b08978488deb9422648909fefcd85e34ab,3,2,5
0xbc9a442a8f6d984654b720d17131d5c75eed501a,1,1,2
0xce62a599943a8fb6e78605a7d60f72484f3429d3,1,1,2
0x035a3b55e87a8fcae2c711f5bb0fe787ada3bff6,1,1,2
0xf034c03309d3c2eda3aa33855c25d9336448cb89,1,1,2
0x42e0bfef1dfb1bb3254391419260837a38ede5ba,1,1,2
0x24f78a8dc04946733b47956e7786905042fac4d9,1,1,2
0x4c972e8217934814e9b1810b20e2637262a6bf7b,1,1,2
0x8b820325ec2976995eaa4b4bbfc78f4b8b69a526,1,1,2
0xc12be773980b35ac7cdd743e53b07264e6079f68,1,1,2
0x1c67f3b0e3689dc435a7ee4b672c265be7fae89c,1,2,3
0x1a748ad5b635b422a99817092207150152cdef3f,1,2,3
0x263ba885da38ed85709b6d600b52ae15fa234ffe,1,1,2
0x1e205dc6fa0137cdc9c3b7adba209a5eff558ad8,1,1,2
0xa09df9d5b465a67ea61ff2fe9653ffab043948de,1,1,2
0xf333342a6b71f2a7157a1805b1291e8bb4df691a,1,1,2
0xeb87eab318cb11dac67033bd1f7ddd3f3f61032d,1,1,2
0x097c292a766a4c94d926a3ea3619da4197e0f97c,1,1,2
0x7fe0f789620e55292725b82953176807674fd5d8,1,1,2
0x1672103caaf67d6c0c020b08c6c13162ac7cc571,1,1,2
0xe069cb01d06ba617bcdf789bf2ff0d5e5ca20c71,3,0,3
0x9b833b949be3b8d96da4d95fa835317833854b9f,1,1,2
0x109ef9547510438ce7fa04886bcff0e3bd16a108,2,2,4
0x90b7a9441207d6e150df697f40bfd955f4a2fae3,0,2,2
0x8ffac441295c5225609d16e0c5305c47135e227c,1,1,2
0x40d6ee16d0af9ff79995f37a0a310c3d64278e86,1,1,2
0xb0e4b69a018b35102dc648f81542efb88744b5ef,1,1,2
0x2b4830b51c05e527ca739f487329b25909ea3914,1,2,3
0x4360b9b5bba0d67a0af7b4241d1faa7dc840fcef,1,1,2
0x6a83156aadaffa3bb3638eb6ad81c026c7fc96ec,1,2,3
0xcc836a3bdcbd6efd1d662e6dfeff41602563d98b,1,1,2
0x4d0bf3c6b181e719cdc50299303d65774dfb0af7,1,2,3
0xdfcf2be109b27c083cc83c30578e20c0d49c13b8,0,2,2
0x24102733fbd2dc61fb6dd597238fdc2e35e53f0c,1,1,2
0x57f3dfd2675615978808285b74d6188caae37007,0,2,2
0x5e178fd2408fcc411db928e2ee8f4adade5b1232,1,1,2
0xb136e2c5c0762721284c93e8f0c39412d123c5bd,1,1,2
0xabccf19a552d55125f16d2204c16a1390c8b6f66,1,1,2
0x0257b51a38a9a58fab2b3878ca590eeb4529ad7b,1,1,2
0x14460580e87eca84aca2e232e3762b22c58d0bfd,1,1,2
0x005f258acd3b57a5dd541be8c7fb733fca1b3516,2,1,3
0x8c5d2fc36d9a95f4b518956cd853a0eb49fcbb42,1,1,2
0xa3ce70fb757ca9ab44f2c89863650ff910669e28,1,1,2
0x905649f57ee2a6e6dc6ac27e5c3b4e6abc144d5b,1,1,2
0x4e3d67bc79b3df3880354f77a4a64cf008fb04e8,1,1,2
0x8ab699338a1e374ade30e64baa1e583c46bc803c,1,1,2
0x3939d22af089bdfbb96322744234f69db1ab52f8,1,1,2
0x7c944cc33a48dac052cd0eaf7231d608e7b2c641,1,1,2
0xdb7bcd9d1300c0c9a82f099746467778926d92e1,1,1,2
0x29590858d84f679408cfe1ef0da5832f70045504,1,1,2
0x299b8853484d9a9254118d18fbc44975e02a329b,1,1,2
0x4e36c2fc7900ae194151697a4fb0eb5367bad896,1,1,2
0x823d2610f83bf088c49ff96e68033623fb3882d5,1,1,2
0xaae6008a76923116ae5cbd44ac0db104fd69cdd2,1,1,2
0x488ae88c6a327834f811181912f32554c837ac8c,1,1,2
0xe84afcfae319aa2d7af7fb0a6d4c6a62b277958f,2,1,3
0xe94d547ae7c289a3490f01491f172e24bf417be6,1,1,2
0x6ad04aa78703c6cde677db02e0576e39f452699f,1,1,2
0xea7bac43297fd9390b401c639c90bc5ac69f58ff,1,1,2
0xd03103320a1e7c4ea5530442a929f14af99460ee,1,1,2
0x0c7a74e74242efb7ea7809b445fb66dc404fb915,1,1,2
0x3276fb11b67def740f06e6da8b9c508f19337cde,1,1,2
0x2a86f7831eb0487cecaef7e7bcacd753cf0dab4f,1,1,2
0x413955c64190c035eea26c439b9cca028b2addc6,2,1,3
0xcc6e3fd35f034f5baa27b6e74dcb197f084a8721,2,2,4
0x0d52e737f3f721f99bf726584e4b8394fe838008,1,1,2
0xe759271c0f9541c4837d32191ee45389c320a103,1,1,2
0x87a07ec5507ecbecadbe379b2b9bf3ad84137d96,1,1,2
0xd5420f38ddc719b66608ccba2696c28fb3089fc5,1,1,2
0x25c0a53725975ef522953cf4ab41681af63122b9,1,1,2
0x3a1ca7a1bbb24b56691d86b533fd1a956373e818,1,1,2
0x4316be07e35336f7cec8be8b90552cf419a48777,1,1,2
0xedc28c302c031dba49847195562b005ef62f8617,1,1,2
0xad5f3a0b3e7977cab6940a276ca9f7cae65a7eb7,1,1,2
0x07765fe6c0a77896898a81a355fb7718b4880ed2,1,1,2
0xa6e90faa7b7e4ef1612396cdffaffde6459db747,3,5,8
0xe73ccfecf4c875c0ff8c1184a8c6ecb8d46b97a8,3,6,9
0x1583993d14a84a0ef96d9adc5df71cfd6d44e4c5,1,1,2
0x6c28c0d38b4a0c52cdfde404f826439d5ccfbedf,1,1,2
0x2fa5d07546744e5275587ec85ce5fb389af068b9,1,1,2
0x0253c05359f253be51633e98684083aaea8f3444,1,1,2
0xfbb1b73c4f0bda4f67dca266ce6ef42f520fbb98,85,101,186
0xb3504b64b592cefd37398a4a577ff1ff73ce86da,1,1,2
0xe935591086680935cb1834eb63e38e26f5116224,3,1,4
0x876eabf441b2ee5b5b0554fd502a8e0600950cfa,53,52,105
0x378cdb004aa58365215726e65700d24fa71cb163,1,1,2
0x8fc759f72e6bd4ac5c94c098397d780c67016022,1,1,2
0x884e60121e5c72f9d11f5babf8131c128e77281e,1,1,2
0x3b9a4310b663922a32f4a86ec174d953cc868989,1,1,2
0x911ad8fd54ad79027aa773fe90bfdcbae0f478e6,1,1,2
0xdca82b6e20c8844ae705d35862fb99910580bad0,1,1,2
0xd20bfad8cd57290b56a0460bc82e54bbd78a776a,1,1,2
0xfc86de197ed841140d07f5873ed8a85cab47c3c5,1,1,2
0xb890f6fa2c1bde94e497e6db5dcc16f8b0974b9c,1,1,2
0xb170e5f49bf9cae5fc20f13c6283c0f823c0a124,1,2,3
0xffad2b7934e04bbe969bb82bc88db1e3e49b902d,1,1,2
0xa76916f7affe717f48598a9ac5baf57bc89d948d,2,1,3
0x235b52f7766f7c4daa2b62671e2140278b3297ab,1,1,2
0xe096c9fbf2ea5eac222aebca44f36b2f522c2d30,1,1,2
0xcb956b81901660d1fae57fe37f0c8f0c820b9f98,1,1,2
0x660da497451b962e91e8416d643568ec71037ff8,1,1,2
0x48d6bd9bdc0650ed9ff0d7237cac497104fce514,1,1,2
0x9a299a0f74d676afc2a021d0619c9b49eff54228,1,1,2
0x46210919f40abdb8c8fdd256ec3345340b82c7c4,2,1,3
0x771680208ad3b3473039235d0abfbb0916a09bce,1,1,2
0x070276e8f480be063b662e49bca916b6fb2cc50e,1,1,2
0x78837430cd12406b40d1d08e189d843f59b48300,1,1,2
0x706602bd02b9b50195cf9108e230b17b1930af20,1,1,2
0xa7afb5c9d272f9f2aef3e76c2d6beb427c0528d6,1,1,2
0x0084666258cb74b702dad6086749aa3d606f5c43,1,1,2
0xd8399eed8b288fb796f3036dfd5af1c8eef7e6c6,1,1,2
0x954b5886bbb5955946e4eab68cfa709e317c9f8f,1,1,2
0xf7edccb33c05a0e588d65164db0ec5a2960b1ee9,1,1,2
0x5af4d58b896d6a4c1619250b567a4391a683a279,1,1,2
0xadefe3f39eba4cc2addad395a697405456407d0a,1,1,2
0x74de5d4fcbf63e00296fd95d33236b9794016631,32,0,32
0x141fef8cd8397a390afe94846c8bd6f4ab981c48,1,1,2
0x03ee045d4a1e56105485d452f5c75a29eea68756,1,1,2
0xba7230c2e91691b1d3ad60eac22ae79337143bb5,1,1,2
0xdf698d600af5c1cb8e688fdfe544b6b114175708,1,1,2
0xc3407dd401c543ebc1f507ffaabc3f04b04bab7e,1,1,2
0x5e5103b2dc6007f6525f236c902b6b8df7a33faf,1,1,2
0xd7205e989637c7ccd44876d0c21204c5f844ef9c,2,1,3
0x4c7bd35e3fc91cb477346da7335b0bfae0ea62dd,1,1,2
0xed1096d9a2753ac587ef9592863feffb3886536d,1,1,2
0x9a300a5ddebf7ffc1446ee1df8b7d746850ea15b,1,1,2
0x718f2579ca40c258e842377ed7c6a400ac35c9eb,1,1,2
0xaa402468d7c9429674651351f5cd60f12b0bc0ad,1,1,2
0x8e7962c4efffe697889e1dd65e16efcd2265f300,1,1,2
0xe5172941d2bf5503700f0cf60c6748a84668f444,1,1,2
0x5cce057b26105338238dbd07d40c827ea384b79f,1,1,2
0x70df289e0b68c95a84d57da6a8927505ff5edb00,1,1,2
0x60ff663a689fc6f536f985bc1a6edad6a3f548d4,1,1,2
0xba749dfd2d812dc456a3c86cebcaab8bc884a097,1,1,2
0xf35c1a691c9835e6af12c57f00089b763749496e,1,1,2
0xbd18f50f1e1a5719b2ed258766c142ea2145dc3a,1,1,2
0xf209457488bca079e79ff048eed4147a83a5e390,1,1,2
0xe0bc3f8aa1ffc6fa4da263e9c65bbedb4a1bacd2,1,1,2
0xcd7868ed37998a1f28a800bfd1a1b875a6fbcfd1,1,1,2
0x00b5b8bf56875281ce3ead18ccbc8af65c52fa19,1,1,2
0x382db0e819c9471f664c6e8370636e02cd13a651,1,1,2
0x4134e1cc07bac879af8d1617f2244ca519786257,1,1,2
0xf3e2c025fcc535d2ec47ecc82f6f762512d9415c,1,1,2
0x7cd6783b2a4dc16e76de7dff7b7db41be478e770,1,1,2
0x369b6d7eb388a4127ec044378829dd84dfab00ed,1,1,2
0xc4549457fb3add24a0542d12164c1d0d91bdf2ad,1,1,2
0x2ae49e58b489d4dbf04eb026b428096ccb872a54,1,1,2
0xfab547276e80cd6d3cc565bf1077e0e4f4f7702c,1,1,2
0x62b47863d46834fc648b3880ebdb618397a71030,1,1,2
0x1d5812db2461efdc9d27d2a009ec971e0ff409a8,1,1,2
0x3fafad0a48085eec032c1b30d238bd1f484498d7,1,1,2
0x72a975989b29b63da98aeccfdcae8d60bc3698e3,1,1,2
0xefb50006bbbd62807be2ddaf2b6c73caf2a5647d,1,1,2
0xc6604602cafbe124faefd4086664ddd3b48d97a6,1,1,2
0xe8f4df823e60abe164587fe07e6f7819257533c7,1,1,2
0x27a7ba82ee6b50ac9e5beaef3abb8d95673d29e9,1,1,2
0x88a8f80169138ac4d6c9098c7493c9f11838e68d,1,1,2
0xd403cf38eb389c168c3b709a4f813f1687cf9235,2,1,3
0x35087d722cffa453957aefbbceec238d4dacc9ec,1,1,2
0x0a9a14250f0c02ac9cb9656b01cb40d66de47aa3,1,1,2
0x7bd8c2a15006e4b15946932385846412803fb17f,1,1,2
0x3f752637be78dc4fefceb017e4456470ea77e9d6,1,1,2
0x84cc0fbc3680fd0e868a4f0090fde2f70b365772,1,1,2
0xbf3f77dc01c32395be2b1d82f348b5b923c37fba,1,1,2
0xa1c0c60330cc521ca4c5deadfe145822559bdf0a,1,1,2
0x49572049144408052427dd0329c79027f40c78c7,1,1,2
0xa8e43cc5458b3913bdbebb835ea8200b788bc8a8,1,1,2
0x733c6946168bc9184a932f2deafbde4299841d17,1,1,2
0x7d8fed35fb4a869359478fbc23a0dc32f3967214,1,1,2
0x79af76d47b00c22c6fe04ed0874211781129f02e,1,1,2
0xb565a81647e4f77a174629adea525c8d9ec69617,1,1,2
0x9652b6a35a516154cdf1ff31cb3af0d0534e8658,2,1,3
0x56c0f83550a2cbc45abf60a04685a48a73af0c47,1,1,2
0x6090c5b47080ce8fdf733534a51a0e935406a0ca,3,3,6
0x3f10a6de0f7f505fed17f5bb2ca708990d3e68e5,1,3,4
0xa737ffcf54bb5990193043f53e60b9bd83f472a4,1,1,2
0xa4d3a046aefdce260a24a615636ac5fb2468eced,1,1,2
0x39b9e0c4a2e3f672a241a84ed465c4d4d348689f,1,1,2
0xcab613f5c43da40bf394eca3b78098cee4af0b7f,1,1,2
0x243e3522475483584811c74b628d9870c5aefd2a,1,1,2
0x7e4ff1876eab5655338e2b9b0dd781d346bd4a85,1,1,2
0x47e9e0c1f17ee2d0a28520be6eeca3041873a864,1,1,2
0xc3c41edfa0c98734d58192dfd257c9b7bff0f3c1,1,1,2
0xbf9e66352d89f3796ea07d31dc189bb7a30098c8,1,1,2
0x3ee08df9731019200665b389764263ce289a24d3,1,1,2
0x5acc1fc1c74cbd9cfce725f7ca33cd9d34709108,1,1,2
0xe159507f0a0aeb4237e5d131949de73f960cbc82,1,1,2
0x34b402519a39bafc686681235f038354ebf0f165,1,1,2
0x3707d80f491c13c3ffe3ad8610003ebc48152860,1,1,2
0x9fc460f445fc95aef8f48f2172e4781887406b27,1,1,2
0xaa506bf466b50b36bddbe067c52440a2c279bab1,1,1,2
0x82b4d391630e313e3ebd6d01b608385efafb8160,1,1,2
0x50725c506bf21bb8ecaf0c2934899425cc35cdb3,1,1,2
0xf31ee492993eec7934fb81cfb484ae341b962fd6,1,1,2
0xf4cdf783c2bd3130dfc1dff118c3ccb49dedeb98,1,1,2
0xbc5367ad4feb595788ecb22da3a1273f4c69e176,1,1,2
0xb4a0da05baf0a32f92e0d7650fc2ac3620b2fc98,1,1,2
0x3a1558db137b416a2563cf0c97cae88a5cb9acc1,1,3,4
0x0037f03131cf4be554411542348904fee62eb339,1,1,2
0xc01216eb0e5ea9b0259e24c8346b6b0caf748636,1,1,2
0x30188590c1fa69ce062417a7f0f0791ac1a9e6e3,1,1,2
0x8a332fec2a48512658dac2b7ce72d9b881878259,1,1,2
0x8e05bd9fa3059ec69c15bc1a6f4d94f0ac26ce00,1,1,2
0x6794471ebc084a4ca462c506afeabb93d9657c25,1,1,2
0xc0e49c51e5ba41e85cf3e7b89c2573be82af1d81,1,1,2
0x575ed48c3f8ec06a0e6ef7077d25ed70529eb92f,1,1,2
0x6025d96932d378be7d0a46343b437678a126ecca,1,1,2
0x7ed1e469fcb3ee19c0366d829e291451be638e59,1,2,3
0x082e87eba8075662f2e8fd49a64bf34a56b7a2eb,1,1,2
0x9b9bab1d059cb734e220a1fbf3d52e74ab9cfb4f,1,1,2
0x36f008d980720f1976ceb6d03d6c071bedd613fe,1,1,2
0x1fbb1292b0cb0a1526edaed4ebcce0b67431c982,1,1,2
0xef9c5a20f5df71067dea39e55e3d957231930545,1,1,2
0x4f61e4b5537432a9b3d1d30278bdbcb3329f9606,1,1,2
0xbd49ec3e679cd4c4a704e10169b76d38b863ac56,1,1,2
0x0c1a88ad090854177465879a92088824f5ce7730,1,1,2
0x783ef17e370a1f9a8f15f583c36a3025aac0bcf3,1,1,2
0x3f8f87a283186282dab77d669e15f111a4eecdd6,1,1,2
0x6414bdabe9c7905409e6995986150f7c43618c33,1,1,2
0xef43404ef7668b6d506ec04227cbb28b971e8663,1,1,2
0x71e74efa6c5a4eb8710ecc3633324f059e9daa8e,1,1,2
0x40a03cfd105394093c58c12fd045381e1cef8904,1,1,2
0x46e4539cc86521e26d4b39d47140f4fe76a47985,1,1,2
0xece1b3b7fa69b98ed5a44344562285ffc7e44c06,2,2,4
0x6bc0a4e7d71c603e7318d5f781be00efcf775076,3,1,4
0x8e87308b5d9153b753e2dc354b5e8d26f63ede33,1,1,2
0x332551d63c404c35f787b7a9f5590d5edf89ee8b,1,1,2
0xf54560a9de2fbcbc4acf6ee52e69ed1c2158ff5e,1,1,2
0x20a3193d98d571027da2bf35da6bbe5a4d8141e1,1,1,2
0x325bc91012528d9e24b652729ab2e99b93a414b0,2,1,3
0xdcec6b5548e70cc6460a21c7603e735c6880b4f2,1,1,2
0x9d1d854a0abf92cae1c24dfa9a1f57e0cb9ba15d,1,1,2
0xa3a6552e674c899bbbe74cdd5069be5eaece2005,1,1,2
0xd9cf532e0ccc6a4cba737542018e35e93a60bb5c,1,1,2
0x63744a87396350246ccefba6768a6bde3ab0f41b,1,1,2
0x8ba17b51a60761a59a3b2075cd8c1a55c6a6b3e0,1,1,2
0xda7b103df681f3c7a6dac83b5b8df66a2fb34a49,1,1,2
0x83ceab13ca6e2fa966af0e03aa4eaa8af7ce3c87,1,1,2
0xe5bd67bb9c2c90d0166939e98b9f8f930c50d9b1,1,1,2
0x94da1928525ddd6190bd105fe93c5a15eca14505,1,1,2
0x6683645d9d3acabd96818ff01cc9b60ea16c1c9b,1,1,2
0xff194997d2f5982ec6e4207f04d4e40254ccf241,1,1,2
0x95c3f96e35da32344a49fc9c11744e5eb61cb6b1,1,1,2
0xa36aced225a820f3149e65552a99442b73016849,1,1,2
0x8acd9378f23ddfee389da5d4728254b10b6d0c3f,1,1,2
0x849652996b65b3ab7e3ecf1f992f0a9de213cd09,1,1,2
0x8d5a2ed9768c3aafcda6d508c3ff2427743b7a92,2,1,3
0xf013af28d7b0e481da7e89536a7f2da2b10f8693,1,1,2
0xfa82f6476567146836436892bd8ff8b64d6da4d6,1,1,2
0x60985808c9b786d53950d4fefeda34d85d96443b,1,1,2
0x6ab1c87a478f816a6d1cd5f4d7d555eb291f713f,1,1,2
0xa925049f06c12076413ef7e3890f6c2f24f6c1c1,1,4,5
0x0af771e202c0be845fa4cf5e4e2448b7b19a431a,1,1,2
0x807f95e8bfc6c413615b6363f94f9c5c4e7d0be4,1,1,2
0x1bd3d7539cc1f34d62a2f09ca1cfc0b81166f348,1,1,2
0x3d72354f1a9798406fe5493fc062d346407719ce,1,1,2
0x2786e1b98474860d1a176f1b2856cab81e9ff387,1,1,2
0x4bb0bb3ed47ab38680388978305db3b0f7a49077,2,1,3
0x984441735d7b3eb8e91468631fcb7469b66688c9,1,1,2
0xa1a01666b044a7636671e86cd8f621bb23aea8a7,2,1,3
0x2db880c1a47f1cfb3b874054727ed57a481dd31a,1,1,2
0x6b5492a056b6ce37cba012f87cb25d298b9f0af5,1,1,2
0x3731260b87bfd76d563e8a62fd812917422bc3be,1,1,2
0x4686c4c3f7f243310353d27ee446fe2849ebd276,1,1,2
0x18f6cb19ed6af23791c50e34d9e8720c3dcb0bdf,2,1,3
0xc87bd0756f94dcb23f19599badb57613a48500bc,1,1,2
0x925ded546cf9117769b89b9a08eb2164893515f0,1,1,2
0x11fc849b3383ca339207f596ed02bd53eeae3d8d,1,1,2
0xfd9a6cd1670fe8eb4012d8abb9cdf25741a6ff04,1,1,2
0xa3aaf6a8e15bb6528eb377d3f837b79b5e1f08eb,1,1,2
0x4e97ab6f270fe2fda608688088d256d37bb5c8ce,1,1,2
0x540e0fe16a0d364103e222c14d03230c4bb6c53f,1,1,2
0x444dbfb48402851a6c34a55bddf3c94b3991d12c,1,1,2
0xc011b733e2791fcfda852275d599694ad70022e7,1,1,2
0x4cbdcf4df9bb1dbbb30b55261f3643f42f1c2b25,1,1,2
0x07683c87344c46dc75b27488492724cf840ad049,1,1,2
0xffceb93531b505648a3d6774b0e07154254a60a5,1,1,2
0x017c2b9de0e9132016d11f910c4f14c211fba161,2,1,3
0x024844984357118fede04bdf36ef058629c0ca70,1,1,2
0xa96319d9d90b15b759d4ef4437fc2434b828c9b3,1,1,2
0x40995699957d13e0b690641b100c798f43bde632,1,1,2
0x8b9955bd316ea94b02f459818854a0ea90f49ec3,2,1,3
0x369ed2369e152d1ff1c8685b775a87a107e0e98c,1,1,2
0x7878ef60faddb5d2d0e18a315331bb45f946d2ac,1,1,2
0x616c911049601ba0d4916d1cf028816d288cc786,1,1,2
0x70b06e150eba89da49bc21cf52e905f8085188e5,2,1,3
0x98113a6263254fdaec21ae07df37cea56343bd6a,1,1,2
0xd80ff6a72724fdda1d9cf98c68ee578f06611229,1,1,2
0xa92353c528e569a58fc09d39358b284f2af5a3d4,1,1,2
0x76885c4665793c21bede82cff2a1fc099bad7b4d,6,2,8
0x458c36de8d1ef19d1c878abbc6e5d862319d259d,1,1,2
0xf158069330eb58adb8d02590fb1b6f6e3b8e0c9d,2,1,3
0x3406acc48bba59b2f0191cdf2870c32c17f98022,1,1,2
0xf3d357a15ba09cd01bc98bd1c7e1a6e5e122d3e9,1,1,2
0xc1ae4a3c167083b624cd58cfda21a220cca13399,1,1,2
0xdf6a546fcfddd424c938804cf5026fbaaeb9c2cb,1,1,2
0x3d64d889125b723b5b6f26c0bb46428054f1ccaf,1,1,2
0x01d87729ede11f01012df91798aea491c31413bd,1,1,2
0x9d8260667168efa7cecad815b6f970b99ece4dc4,1,1,2
0x86215b03a5f28633c0bd73be308590da72b25440,2,1,3
0x0494ec273ef3c44095dd8d858e95ed788f0b255d,2,1,3
0x40e336e8067d245df450659605f3a8e2c8284e6e,1,1,2
0x973a315fa646d7509106e27eea674ec8560d424e,1,1,2
0xf3fbeaccd1802ed17e578935028df583f00107f3,1,1,2
0xf00b465707d5c78e286fd44664e70a4bea88826c,1,1,2
0x1db5c86cea99a8685210970ec12a545bf7a4128b,1,1,2
0x8eb06787ce3e1e390a90643aaeadf99fcbcd61e4,1,1,2
0xe4de1f9c05f8b240ccd2374b61ac67cb567e5907,1,1,2
0x179924d3382c742faf7fef6dfc68b8a84e58b5e8,1,1,2
0x3beaa69a2efb91fd45c4431fde363d5c25da8d5b,1,1,2
0xb7d145eabd8ae9f7d90bf95183abf803f26adc02,1,1,2
0x82d4a616ccae93387c9f32a52982fd037c298a23,1,1,2
0x781b3a8ef5be3252596061477376e72e8274600e,1,1,2
0xf2b6a6fe31b7a3a0b5aac20a6dc178228860e236,1,1,2
0x349ee2afc96a25666e3ef9a2fcebc51387424649,1,1,2
0x46b7d0444f684482a342426e1516e54ccca410f5,1,1,2
0xfe37736726bcbb7ec714835f7464cdca31b7601b,1,1,2
0x6b67b2a6f42faec0050dd1e396952a90b6bf25b9,1,1,2
0x9ecbb3f346d7a0cdb4d80ca096787366bbe78395,1,1,2
0xf1181727cab6b9754321b8fc3f40e99c3dad7925,1,1,2
0x9461adf492ba31545e18c5e79237874786a11209,1,1,2
0x79cd99f6e57f1a231deb53d9e6780f7d3c09c5a6,1,1,2
0x325e300a9424b11c03aa79a1c4af7899a976d7b3,1,1,2
0x404adc660bfba5dfaac0089f2f0de566e7c24b20,1,1,2
0xa40cb1f7964d0f74602c25cc7216ac5cf7a02b93,1,1,2
0x45b7ed7b87aabe8cc19507f71a5aac7267695a87,1,1,2
0xbebf58f58ad16dccb5cab024282a5e08cb4c0b88,1,1,2
0x6190fe06b770b1d5d7efb3f66630b5c2149cd436,1,1,2
0x2406317413f5d5811f3b84990b29a01caff6c793,1,2,3
0xb4576032ea2fee15e73f0343968e00b06601a87c,1,1,2
0x9d4777b89b33cf67c45cb19e9e4518d5c94a8d97,1,1,2
0x8d0508d76456238ee60c91899ab7edc0c56ac3f9,1,1,2
0xe888b31059f7f3bac548bdd49920fb5cd18f166d,1,1,2
0x5c632e6ffdcb853cb3ac40bcb9801aa5ab821474,1,1,2
0x9f24c3f4fd585fcb84e57d0ec5761f46b9383a87,1,1,2
0x9b7e7faa37ac3c3622f5ebd927cca43288ada7a5,1,1,2
0xce4935fcaf6f4a672920461619cca1e85f1ba83a,1,1,2
0xdca010f1a3c9bcbe13a79ef7288a87600489f4c4,1,1,2
0x9ddc502c8bb5a06d683ad55a0e79221f98e5b86f,1,1,2
0x385815273653b423136653387c5d7fe817039507,1,1,2
0x35a45acc0f4c2ce6b8de8cbf3801199f8816ed20,1,1,2
0x469325ff9c63548eebfd1a0fb6cab04554526eb1,1,1,2
0x6826b98828616012a25d086c2eb9ee35e7c37cc7,1,1,2
0x5d3fce9897cd4928ab9f42289bb48a0d35f319b9,1,1,2
0x836d83226ae22e772fc3aa2c87a1445dce4706ac,1,1,2
0xce279b25e483621d338fdc09c2a4ed9823a192ab,1,1,2
0xe2c643fd3d397f9fcf39c72dbc1c8597eb5f45c1,1,1,2
0xbdfae473eddd87119d29c72ced3340b0e4f66cbf,1,1,2
0x1f179e5ab76252f3923e1ebfd18ddec33070d890,1,1,2
0x95bf267f907d494b6367dce168b4551363c28d6c,1,1,2
0x04cc6ec928e4b243438a2f3ecb1c895025e8d77c,1,1,2
0xb8305a3e7b213274557b4b5b1fb2da44e28fcd79,1,1,2
0x11a1c8f867643289d6e244d1a6cea5be16c1565d,1,1,2
0xc9e7c49103fdeacc75c91f0506f412c2e2875d22,1,1,2
0x362e68731df88d01cd690116ab1d8be0e490aba5,1,1,2
0x861f1da081407744617a6a4190f7eddb832a65ed,1,1,2
0x9e59df7464420e9d0c982bb837b5213c0e0d5c86,1,1,2
0xbda420aa37e4f1bfe2a3e4741dd5b36bc3c7334d,1,3,4
0x600166f6965dd524ff7eb67a64b6498f7a87ba84,1,1,2
0xab5cc6e98a3cc6849c14fa8eb636e0f08b3502e1,1,1,2
0xa78e65c53b7999657cf22ac419e530302b2ae0e9,1,1,2
0xc8f42e18738fdabc2d39a35f01b94c285091c778,1,1,2
0xed5896728b07992c836b1b9ade914ff53768d7b4,2,1,3
0xdc699378921d000ec183a3ad647c67929bd556b8,1,1,2
0x14098116a4bfde637ae17b3654d56270a0ace66b,1,1,2
0x8d1f2e641ac39c530a0ac0bc0c8c9ffc6c744965,1,1,2
0xaffb622d6dd77e750d67bd213d37526275eab226,1,1,2
0xc0845dd58f967ed58db01183a48d915d8c3b2f6f,1,1,2
0xc0ad8dbd717e5ad235b4f964c6376c4ed6f6786d,1,1,2
0x18e3f1786acc10c69f00573ed2ebdeaf241fcf6d,1,1,2
0xfc34e0c170ceb33e11b833d998e2b9f2f31617a5,1,1,2
0x27f246c1ffefc2967c0dbb6eda9e0028d26b97e7,1,1,2
0xc0682a67893585ce77cc0111c25dce8d80ed4c79,1,1,2
0x876785495defe515257d25269c7487b5139d635e,1,1,2
0xa99b20c140d18749ddd73cd878a10abb8ee5ea0d,1,1,2
0xa5f5b412d2c81c09f38b6b21d5475bd399a004e9,2,2,4
0x0b614b64713da24aec97c1ea7a471ecba3f45658,1,1,2
0x69b62b45b74e65ea884b3e0c006116b35716c55d,1,1,2
0x11b53d1dac74f1038a63e12651e5c4341fc19d5f,1,1,2
0xbfe27718af6a33ad9ab2a86d4855b97c08f91e6e,1,1,2
0x0eddd215e6b2a7ea600ab2806395e8df913adf19,1,1,2
0xd1f8df3e158e93e9bae00bb8b0f78485ea816862,1,1,2
0x41fd593bcda5600400be691ca0263da6f4121b62,1,1,2
0xe362ebdac98f4afc684ef37ee73cd9b3c03bdd38,1,1,2
0x363491340f65969c8d9ec1e541b24fe167c0b26a,1,1,2
0x76060a4dfa2bd42d9f217779f8acd7a2af8cef48,2,0,2
0x3c15fafe0f41513550ba9862a0d573bb3202adfc,1,1,2
0x5dec2f45b7ee5e2cc23d74b87c1eb8887e45cee1,1,1,2
0x6a864999a58b0fbc22cd69a2e2bfc89b6d34e2c4,1,1,2
0x1114757876b8a62cad59e87ca0961c4708da0dff,1,1,2
0x50fd571499c36c42e87b7311f991498dcdac14e8,1,1,2
0x239ce6d4e4cc910261bedf95edbbddeb00848982,2,1,3
0x4031f69dd19a621bdebb4350ca072c5017750aab,2,1,3
0x0a4d85a8f4be63d2e69848952d0f0077dc81b7eb,1,1,2
0x8df252da894db4ab205c1b4b8769eec0522f49af,1,2,3
0x49cd9ed978b2a2b9719425280b5f994beeaeacd6,4,1,5
0xed57abec694214df5382a5dcd241f14ec0cf9a86,3,1,4
0x2543ad7434c788f7913d6701403848ee0e1f9062,1,1,2
0xc8e196c813a075b4fb80cbf68da5dbc988a8997d,2,1,3
0x29721e353141729f746951f5a0a1e8a554c41a8b,1,1,2
0x8b4a58c83fbeb55413a30872cc2962bcc2c15840,1,1,2
0x057859428738bbfb06eaeb978d22d2a98b986897,1,1,2
0xfd46ed5e385aa923c89d53fb7827b35d08f959c5,1,1,2
0x99aa90c6f2131a7b4698857a615e747854e2e891,3,1,4
0x0f8f6bfb49d5ccfc09e30118a9243ba56b90e98d,1,1,2
0x58ace26b8d0e57698de3c90012ef44c3159a28c4,1,1,2
0x3e959300fdd213d273ed1e72b246af1a66b71fbf,1,1,2
0x0e88ecea733137477ad7fae16b3d22a3e7eb975b,2,1,3
0x7ee277a3b038ca81cd0d774b2f41fa6a3d3c807e,1,1,2
0x142b5131568a095ff12eaecc6e7fd2e94e049917,1,1,2
0xa13a1bf5d103093de2f0601c546ca3071140410f,1,1,2
0x8bbcd5ff10cce0aaea3c3aa5b645165962da6a4c,1,1,2
0xd78a2b81e75c963e2aed79e027bb05c3f352a936,1,1,2
0xc7573dc6ecd11a5b6f5da6037b2cfeb9132a413e,1,1,2
0x8e78034c898e88968498fccb2e2809b397cc7d33,1,1,2
0x0781b718ff284f8c2a40bae1274751de45593e10,1,1,2
0x5687b652f24ecc54b095f2c19ea336b38a10b730,1,1,2
0x14ead4f56dda5c0c23ccd8e4869175894de79523,1,1,2
0xadec957f16069d47426cb3bd39c12c1ac0d9dfe4,1,1,2
0xa16c4cc55edea5dfae4c3f3943302b86455c641f,1,1,2
0xf1b2bd93c979930b158fbbf02ff51c972760128e,1,1,2
0xa5d2c0eb87a8c6d7ae6f2aa8a52cb2b6ae643bad,3,2,5
0x504ca9804704be2af5b4ff9587ae6151c9f03833,1,1,2
0xb810fd9921cca90c60f2d2a91beb13ad82a81d88,1,1,2
0x00000000003b3cc22af3ae1eac0440bcee416b40,1,1,2
0xcfbc21465014cd23762cef3197cfefa91f05f4e3,1,1,2
0x200e7c0d1fe0a58c846d393158c35ba5d60afc72,1,1,2
0xb28de84bd7cf6541060b90787d5e81c7039600d2,1,1,2
0x2831643328b1f0dd422d8940f9eb64b8552373df,1,1,2
0x7809ca96adb17c9e2094ee6ebdbfa40fa1519003,1,1,2
0xada8081520025ef10b1c7098eff087e234619c72,1,1,2
0xc00cda0b6450bd6b2c49a14a010eaf5ab63c6260,1,1,2
0x554a39173b383d82fc5209bd6d659dcee929c398,1,1,2
0xe25b1639280c7e4ad544b248a4c3b6728a7eb5a1,1,1,2
0x21f158648620fd1963477a2755bd7afb3400085c,1,1,2
0x155d14e94977ee56f04771a0916aec7d6f65c70a,1,2,3
0x66767c9fb3503bd95f4949cbba1b406bcf4a91b6,1,1,2
0x10d79b7737aee4a0e59109fd2430d8653480754c,1,1,2
0x04ee90c2c833f199a83e6be8bc1781d69b75c3f3,1,1,2
0x65ffa153fafc10848eb2d1be4a493ad4e3100832,1,1,2
0x6f1aed3800294777e0d345466c0cf19929a2ecb0,1,1,2
0xb46dac5a86b9c0eedef9a23b8c726a6c26744d15,1,1,2
0x9bf9a944613aa1b14f11edfb6ff1f9b27065c952,1,1,2
0x3b53689b5a0d8883b11fb8e3198b0d95be3f8d5b,1,1,2
0x14bb8e342c439689c600c95dbad5e26b5de29411,1,1,2
0xa9d380df271b71cb01f2b92a0c1e141647398972,1,1,2
0x4e57e1c8bf4d522096af0f907e9cd03b6828eced,1,1,2
0xcf4b5a04eba77eda7c9365d1ae234f5956343264,1,1,2
0x59faaff89c218669ad821a493be23d2e77e90285,1,1,2
0x024ddc0a6f454d1bb5e4dda12c70ed80c0daac3c,2,1,3
0xdc3814f39c6b84f117da7b8b77f0bb12c4641cb2,1,1,2
0xd8932d6b3d255dc9243292f35d35939d9ac7589a,1,2,3
0x19e6bdcf2351fa33ded9ef07f24bb040688d3974,1,1,2
0x9c1a394be4d0cf271ee369bd7d006a4ea81022e2,1,1,2
0x15f6f123c3785bcc903b2acb3d97911bfeb19ead,1,1,2
0x09e10b396c367da54b84a12ec7468e14e59aca5c,1,1,2
0x04b870e2f9d54260b95c1ed0e89442fa18d75567,1,1,2
0x62a305d61763845fe85d95aaa909d3fbe4fb2a3b,1,1,2
0x0dff3e9db33e9164216f7cd73eccec7c6d7f3165,1,1,2
0x3fc824973d1dfe8fbbcb11ba68dd6a02bb4fca92,1,1,2
0x6470a2830d3bc17479dbadda28921884c2ff52b2,1,1,2
0x30fc0fe9cb6b91aab872af80c16ce84598c68489,1,1,2
0x552b292120f439dd83917af7397ec849d61df87b,1,1,2
0xee374b03b50be41afeea687767a80230d6d5e29c,1,1,2
0x34f090e8a469db7fef44f678adc173913f19f471,1,1,2
0x87c06e799a2738fa8af50f66daa0d213623c3c80,1,1,2
0xadc5e233e2a2f8f1078993ede5998dad5159c27e,1,1,2
0x85caee2361a90056f60187789a0bca63ec93674f,1,1,2
0x5d8ccda9e6cab89a3dc9a782ec42d371c8631d28,1,1,2
0x035ecb4b3ef38a17f70ce4d57a1185d21e43060b,1,1,2
0x032b2609bb8432cc5c26b4f36768cd70e91971ce,1,1,2
0xf71b14fa0d2df7e2f5ca3470dde67926843028dd,1,1,2
0xe66b31678d6c16e9ebf358268a790b763c133750,2,0,2
0xbfae99ea1c37dce1deaeffd83e3d61b412146c1f,1,1,2
0xdb95a18d06c6ec9d9d7322684ac6b02ada9dcddb,1,1,2
0x8711d455871f8a32d34b14265e56fcafa7994252,1,1,2
0xb4f773b917316a1bfc563373b21f1831053256f6,1,1,2
0xe2ec247d9630d6cb4ced5211bbd9deca24ee7b3c,1,1,2
0xfe0848b0e1a00d038bd3ac780ae59918f47feee3,2,2,4
0x0e710a8f4f802503297915e4e4c3b90c8b1e518a,1,2,3
0xa5dcd437321da5f065665f58f1235268c3fcdaea,1,1,2
0x7d979b066992815cac9bab22677adf67ca9d546e,1,1,2
0xbefbe681d48d9df0c94a517e6dd2d155f44d429f,1,1,2
0x457ea7b7492d09d19cac7cb1234f1bc14824cf16,2,1,3
0xfbf5923dbc455ee17fd2b8d7407757a8f5c2b367,1,1,2
0xe92e2efb7d81464b7ed7065d93e6421e0574ea79,1,1,2
0x3ff7a5190e2f15f76d43bc61b5ef4b2b4d7a35b2,1,1,2
0x06b077411f9ffed30c5760c5f6a3ffdea92098a9,2,1,3
0x1d82e92808f1ca9d768ea23d8ca301c4c3432bbc,1,1,2
0x6d5182465e14e265f4b11828d770aedf52c0911a,1,1,2
0xa44068b837e3dc0e2ccc4140cc3b98b76f95c714,1,1,2
0xde9b1f7977e0eb9f9fc015b5e1cc627a2242eda1,2,1,3
0x7b17faf8383702dda73572cd029eef6ce2b61185,1,1,2
0x15b73cef276c59b2e6ba872b9e0fd6faa7e2a5ec,1,1,2
0xbf7635864c8f5d7a6f645207cc02eaf90b808572,1,1,2
0x411cd9fc2e8928f179aae69589bd83c65e1ac8e7,1,1,2
0x40dba32d904c98da99aa793c4374edcd4634949f,1,1,2
0xf6eb6f8e9378fb5c7cb290ced11e52b6be179ed3,1,1,2
0x3e5b83c5bd65727895b86f605e52f8df4ab820c4,1,1,2
0xa1daf192ade61672fbb6992b5b27d290235c46a7,1,1,2
0xb6f8df3cf0f9b5fa278bdbb4768af6c9888e275b,1,1,2
0xc5928b1f67319d6289b8fc38e24c89c2ab3abbda,1,1,2
0xccc955061c85216985f6b2f13404c565df34e737,1,1,2
0xf1c0e9542fa2453ab90865f11e9b227c8ea42f43,1,1,2
0x09617dfbb5229e9e71d9d64800c37f66b993c6a5,1,1,2
0x1e7cc99df358658117a93fd2e227a71d6b69db4d,1,1,2
0xb2ddbbfe0848b811b82b70252550e9136d92f5aa,1,1,2
0x146b540cac39294df8669e368f7cc2605dee9635,1,1,2
0xed1cef7746b7271c59018b73d059dd7fd8cdfd2f,1,1,2
0x8e2a1523ac06e2645542ec4582fa0dee930de2a7,1,1,2
0xded88daf0861164454d380de510eeceae8e35b83,1,1,2
0xd5f431e155d4222623732baf169c5ef63e4e7b0e,1,1,2
0xa6ed21da28bdb07eecbec0d839df651cdbfa7b2c,1,1,2
0xc0d6cfa89b11ebade322fb676e3bf263a8ddaf56,1,1,2
0x23e8c6deeff35d93ebec7c370ccd50d315aa22cc,1,1,2
0x6865cf21ae09b5dab2b276dbe71062dee7b038f1,1,1,2
0x18d50df4c2893fb1b3af35f036f59618bd3dd5d6,1,1,2
0x000000005736775feb0c8568e7dee77222a26880,1,1,2
0xade348244792aad2dd0a7b8820d294026f42429a,3,2,5
0x68f9b00c844dc9989a9c1263f0e8d96c5a68bbd2,1,1,2
0x88a4f24b7c2a8e51aae527d8bfcc940a8e5125fc,1,1,2
0xe0ff16a6a94b8da4143d44adeacf76c8642e2939,1,1,2
0x548b8c65e8b0c5f6cf1a123ee95661359466eeea,1,1,2
0x8dbed886b075d68d78843c10de1dad18419aa9c9,1,1,2
0xd62ba7a2cc049280b53607e7d206694cfe10aa08,1,1,2
0x5c2f58d90779f8b3e96ef203008e397bd565b069,1,1,2
0xe72ba539c185120075118a56e01b34d9c3baac19,1,1,2
0x813685d77a5cbf000251287e2ef9f634ddfe08a1,3,2,5
0xaca984074cf98b546e7f8aa1de2e774599e73429,1,1,2
0xb8569f732e5f352c7122d93821916f0f91496f65,1,1,2
0x9f3a6db61da34dec3c55cf6d4b13b2a12c7c84b8,1,1,2
0xc98015b5f700d3e966b80e4be2a5cfdb26e308b4,1,1,2
0x2f2d4b3de932117282923eae53132eb46dea506b,1,1,2
0xdcc517bcf2d78dba765dd88a2d597daca11807cc,1,1,2
0x2bf9027e799949093eb903149895e50add25d875,1,1,2
0x14e2d72cd7011ef6b50e76e3d688f0281396cd07,1,1,2
0xa1f013054333c06819efdccae3964e6ae78e4764,1,1,2
0x4ddff1852b945e2c0a1849a6af7d7462e572b787,1,1,2
0x7cf09d7a9a74f746edcb06949b9d64bcd9d1604f,1,1,2
0x43f914880aa105a1b9ce8b2dbf4f43d697a76673,1,1,2
0x9a92fe52d1a9c35f3006c6a4f948f9fe5faae97d,1,1,2
0x3883dfca8104962a02fef7f510f950851eb96032,1,1,2
0xa646efb053e009b2f0ffaef2e7212de66735dc25,1,1,2
0x66000cac890ce018e7c90fb7b99ad53f9e5b60ad,1,1,2
0xf19ff242e56fa33dbaa07e58569657cac1468261,1,1,2
0x19f5783da427fd410f7fb967aa310c82340346da,1,1,2
0x1edb8a5d51880c81ba6b4812485c3dc16085fc39,5,4,9
0x55a28acc87e808b9d45a5b009c4f419240296121,1,1,2
0x0973cb7f952845ea76c643a39e7070bd41fe1945,1,1,2
0x467ebdcd9adfca5ab70b30969ace0ac199ced2bf,1,1,2
0x0d3808efaaf052f734ee815c2b5d7e37c9ff4ba0,1,1,2
0x382ffce2287252f930e1c8dc9328dac5bf282ba1,10,0,10
0x08a802b8d0e90aaca825f02ab49143c857ee38dd,1,1,2
0x2eb74e3639ef5d1dff8ee016928a6fa5fa095835,1,1,2
0x7572ced99ad457cbb748460dadea925686216bcc,1,1,2
0x8e5132a495c00f586f14eeadf6db52a5425a806e,1,1,2
0x1905710addff51b165bd11f6548abffd905427a8,1,1,2
0x4b2cda6e65b477a9becc537581b9bc3afa7826eb,1,1,2
0x682c4b316c0a44325808a447d3628fa0c376ca1a,1,1,2
0x0a4e4ae5f8958e89e1c01a2e3804490280164cc7,1,1,2
0xc3ddc68298453631cb58587b8dc7f4e705bbec3d,1,1,2
0x4ae543a09ec1b5f07bf4694af0a67620a0ab7d98,1,1,2
0xce3323ca6245495e0a46216a654193c1c7d8dbc5,1,1,2
0x0620154e7ae8726f7c4dcc41756ccdce82e6274c,1,1,2
0xba971599ab47b3d92ac80913fd67edceea98556d,1,1,2
0x981bf9565e01f448778b7c6af19d3bcb86418dae,1,1,2
0x06fb25ebe2ea0caf79fdf2a9f24ff5df9811f471,1,1,2
0x7499f2f11cbc025107bf137fadbc9aed983ce80d,1,1,2
0x6bd5a894478f9ac92ccfe421b85ceb4cb90224d3,1,1,2
0xbaaf3aef1b645066639daf96253ee5def629ab42,1,1,2
0x7e8b045170ec22c16b1363d19c53d726a6347066,1,1,2
0xee42a78106d2920b410c087dedc11fbdf36c19a3,1,1,2
0x3683b869b176b0725aa3d08cb17ccebb1fa3095a,1,1,2
0xfc2209270a245416cf4d56b4fefa275b488e4264,1,1,2
0xb4d994db823e9a7411f1be1b8b41edcf3ad53e1e,2,1,3
0xdecd50930e5530e4a0b39c21dc5b7050e584ec48,1,1,2
0xcf8af31271cd8f7cdbfdd63cf3622d5aff4d2b0b,1,1,2
0x50e8d9c9c649eed04ebf32053452e44ad0981e00,1,1,2
0xde7aec1a1d0a1cf84a3fa43a3faf75d1eb8fe6ba,1,1,2
0x09d92052e68ea94adff8cf870385069a11d71e8e,1,1,2
0x563831e9a559df25aac2dca30301816f59ef96df,1,1,2
0xc56bca27e14ac1fe87328ac6c09fc9b25581b367,1,1,2
0x9869241ff557245ee997d4467b82154975b07190,1,1,2
0x7052429bd56e7a101fb116fdcd1627401ee2727c,1,1,2
0xea5bd15124d1c839fabbca08b3b914f4f0134f4e,1,1,2
0x56d7b68437acb2be64afceb1fa1e6b34c696f08e,1,1,2
0xdb9490ab0d8176822a85f7f89e7a554c5bca5b00,1,1,2
0x41cb5eb980503fff8759c124e65ea0d21e8a8be5,1,1,2
0x04efc6325b576cddadac03885fe12de57a2bb7f8,1,1,2
0x8d8b603a570b1103fc8ccfc2fda6d503b2859eec,1,1,2
0xe62279e9bdf9ead8748d3dedcb7b2e90d7a71f37,1,1,2
0x77f022c5544681575d43d551c9d17940f2a57e3a,1,1,2
0xd90bddc39d80859f475402178d582830a36dca1a,1,1,2
0xd9d68b02d7f00cf2f9a692ed6e8386e4758b9bc0,1,1,2
0xc6c11609faadabcd955664478381290e6f180266,1,1,2
0xe2605a58e6161e9db8a5313011d80c2a2979637c,1,1,2
0x2f17cce678e659574066b2e8abc89c2b33d22daa,1,1,2
0x2e60e96b619f143e56531266ac63e2bcb8688a01,1,1,2
0xaaedce4a4e0cdaebee76c635d806388e9e3d089f,1,1,2
0xff00708139f92035a90faaf595534d0874fc87af,1,1,2
0x4811629ed084365205f41939e2b477b671c57056,1,1,2
0x597feb992fdd5bda74eced9181936dfe87d1a64d,1,1,2
0x03f87c5e7988b63dfe9f0568b12a3f6cebe29417,1,1,2
0x0910b0d88caebbf8ff6dd90dc292d0403d4cf080,1,1,2
0x769dac37b25dbdf395ff2e57c2796fafe34d01ba,1,1,2
0xb8cbbf78c7ad1cdf4ca0e111b35491f3bfe027ac,3,2,5
0x41cdfd669b075df89f9dbcd1735a8683b00cd686,1,1,2
0x1c69b16de174342c7e39486fd52141b850bd35de,2,1,3
0x1384cce3e1a1b719be36924d1a0a0a1bfdd358da,1,1,2
0x2025acf5bb13e274656e32f6dd475f4e6b621099,1,1,2
0xaac79c74044b9309c482b5636ea44fc8a77bdcf5,1,1,2
0xe407bd022f9f212b14e783a8b88676d49d3a3322,1,1,2
0x26f0afe0a6a02d28ef84a95f70104490999ccf97,1,1,2
0x854a556d92e815b003acc3c4ce42dd60a17c708a,1,1,2
0x18d9d0da35fc66e057084ee72cd4f694ed8d9106,1,1,2
0x606617b30911ce8ee16459016566bdba01fa596e,1,1,2
0xedceaeea6948812406ea5638945022bd6eecb94e,1,1,2
0x232c285f11130dab334eb5b1a79b22fd7e601eb4,1,2,3
0x1d2bdc5d2274cab4e8e21e2b627b5f19a34b4d20,1,1,2
0xa81011ae274ef6debd3bdab634102c7b6c2c452d,1,5,6
0x0f7de2ca94c9034dced6e0ab10ae2006a794e7b7,1,1,2
0xc1c12698a3779fde2021fe2d56f3ffc44f192a99,1,1,2
0xa61d671e53ad625c056933be59e440408f6da35d,1,1,2
0x896b1689dcdeaa0fb63bff0a139c62b00a359fd8,1,1,2
0xe248897f619bfb6d1058fbed4bbba02efd1c0106,1,2,3
0xe7debd3a9a9c2976a8e3dff00bc4dd25f194a0f9,1,1,2
0x659eabd6191b08abead4cd8e27328c09c1238d0d,1,1,2
0x30b730f845b75e542debd5c9eaf1aeedbf627ad7,1,1,2
0xb46c0c901d1ad59bb176352b3c483f57eee462d8,1,1,2
0xcb5eb3268ef104fcbfc48670d7e1913c5d4e4aaf,1,1,2
0xc2e0de452fadb148999ae89c047a12b43f0f2e6e,1,1,2
0xfe3f6977158689791b696da3b50e5729a998ca11,1,1,2
0xf55473e971cced273c2429e7f2be00e2d80da847,1,1,2
0x53a697c0945d4ea311238016959c8c9d0f098e0e,1,1,2
0x84569fd1c49a3eb0f8ec336a474786963fb13e31,1,1,2
0x7ddd03cf99b36a8df50f96f02ba51d820823f766,1,1,2
0x7670ab338c5db631c7f109e0f4de85cab1f637ff,2,2,4
0x94aa26ae9105536719191f4f55b8e8c8f18ef998,1,1,2
0x48906cc4c2f7ff79ee04be3b31c616f991a2f2c2,1,1,2
0xec6c3b2a980ee880568f38133bebe9dde0761989,1,1,2
0x97550d83b80ce4ac95afa9ce12217d949bc0f2f4,1,1,2
0x8b6548b0e5362f16e3dd2cfd5ca8efdb2853783e,1,1,2
0x13ff978a4fc87a1c49f0c894e5e9b0a0955a3526,1,1,2
0x326fdf61f9d70fe2ab24e39aa6e31c4a633de1d5,1,1,2
0x74985e436b19643568713b1991165db845517939,1,1,2
0xdec2e63747786dafbeccd9ae364f181790c07e17,1,1,2
0xa235d0bf251745fc58cb7e0f3b9d99db85306227,1,1,2
0x983d4d856e39c8f4e0131b47f41271291f459aef,1,1,2
0xfae32aafa94c61699977491561e5cf85ad067c02,1,1,2
0xe7bd4261813ffd98472c1b4a25e62609afcbd59e,1,1,2
0x9107818ce8800c9a5cd1feeb2105a09e02a36f9a,1,1,2
0xe0974ab1b0baf15db3354ddf24138f46e27001c0,1,1,2
0x062df96555f6604e4c0fa16b435a6ae36f1adf5b,1,1,2
0xadcd98d321a62f9a92d00d886855756e77b7950f,1,1,2
0x49d1d1dd1aa650b5859a7e9250397882cc88cffe,1,1,2
0x1b608357377ea258a056592588332aaf61fd8e30,1,1,2
0xf8f01d277fcf6b9df1e9d1d5680bf57816f61e54,1,1,2
0x708e7fbaa38096e373e3cfc36311bfcb9c37e3e9,1,1,2
0xd9af81c15b676c93fe288919fb61ebb8d2d619e3,1,1,2
0x3abdcaa347d7113d1c908dc60a6da359b734ff91,1,1,2
0x8803383cb54016d734ce4b26511e0f01d08a6359,2,0,2
0xf861931aadfd42f581096b00b85b19f8030e9dac,1,1,2
0x616f9ff3352be4c386037d5de1ceb8b953b87a53,1,1,2
0x5974459edbe9b7912b9f927803fc8a1daf457d16,3,1,4
0xf892fbf0f5d65774771dfd3e47904d1697c327dd,1,1,2
0x8776b46b8c24d9f4c5d203be6dec5bb469c2f185,1,1,2
0xcfbc73857ab8ac1ad114be478b73e6a51c1ddc87,1,1,2
0x962fcd2f3f765d0d27defbf2d91d42fbca854b5d,1,1,2
0x5234b0ff22eab9a0d008d481f5ebe05634959cd3,1,1,2
0xb573e909e850a61082b8c86a7919f890fa43c96d,1,1,2
0x0f2f38fd6b709a56ddce5f2ce154b85be173c42c,1,1,2
0x4502567dadb955f4ec8e86f3d6eb9505b8a02ed5,1,1,2
0xdd1e736e560e432335062ae30e3e3357adc8ba73,2,1,3
0xaccfea87534fe2847d2562a99f8e957a4517a585,1,1,2
0xf17a259a2dfe58d64dd852de626f5ea4f6797a50,1,1,2
0x8948c7ba8c4fc141cc3707d6f385d949bd5eba19,1,1,2
0xc3ac8274c58541178ecaba1e286b9b786addfb40,1,1,2
0x2cb5bc15fad00c7574f3b0811e47fd86710b82af,1,1,2
0xb6c4f7d5d2bf85576ab8bfea7b29db2562fa7694,1,1,2
0xa1e1778706a78f84d034fd20df9e1edfb85676c7,1,1,2
0x11f041a1da56ad5d8d57a44b9ee74b2e0f24e1ec,1,1,2
0xa5dd88bab661c6f2f54540c754c056f5ae219014,1,1,2
0x6bdc66559f2dbe96f12034c50320e6a8372cbf40,1,1,2
0x9f36576e2d5622b9c6f22818cce9f4d9b0db7e6a,1,1,2
0xa5acd3096296bded939a553005d5cb4529acfefb,1,1,2
0x024bf9243824ead4b321f8d28191046f227724d9,1,1,2
0x32489e4f44895ec8343ed0f81168ae4c94834d1d,1,1,2
0xadb7542664a5a285db8d51b1c671834dc33a3ba2,1,1,2
0x62786c5bdda1333d19498a4adc8ce2c63a5546fc,1,2,3
0x34cd4a976906e7faa84dd6876e934624a3239b78,1,1,2
0x0e0df188df28b61be3e2513bb7106b1d83ad8170,1,1,2
0xf96edc51e23b4bc9739b9ea0b6c6c5046dad7b18,1,1,2
0x41562c4a6da2e2ab8bc8ac8a43e7c99816bbbc3a,1,1,2
0x00cc675444fba22368dad2ed5a33e533284f344e,1,1,2
0xf402bb8138d88c91196c6f50901265119753efd1,1,1,2
0xfd61202aba7d4d292fe9b0fa54e37a8f983c0129,1,2,3
0xa9373f3eeb843c40f3fdb8db3353a70db76833ba,1,1,2
0x8b3610985fc92a4a37f581773856afaa941e010c,3,4,7
0x8d3399f572291a595932d490550a6079924ff6ed,1,1,2
0xb2be68afe9eeece352fe87e9f8973fee26e6a54e,1,1,2
0x99a2c820a287081fa7290b3b253d26fc67b5ba46,1,2,3
0x8981ea57a6fd5e4c6a1ce90a2f6af419791e6f19,1,1,2
0xe3bd160be890fc285bfc2385dc20eab00929be98,1,1,2
0x3a4cb781e486241f1571c8b284d90d0386e60ad2,1,1,2
0x3be751b4f24829b2a8d4f340a54395c2a25d6487,1,1,2
0x2ce5884d8721caae1d5a042d946acc0cd9ce034c,1,1,2
0x8998d2e923afd19b29eb002aff1eb9b4de161324,2,1,3
0x60f5eb6d8a1948cf5cf5134c3134eb63a14d4a4d,1,1,2
0xa343fa1a1affca256eaca414d743ee515cf03a00,1,1,2
0x1b3fcb7655582095e4f5cde0c1163f2199de29bf,1,1,2
0x1966c6c9092f93fe4268db88e6ae5643d9427c6a,1,1,2
0xe039c55a0cb62ca8809498f3c32167659bf5cba6,1,1,2
0x459c7b573d5af4f2237a59d2d1f770f55353e01f,1,1,2
0x8c40a71f5866847d0ef0f42177f5473a8481454b,1,1,2
0x8efeebc384e8a7a22410036c5e69dccf920719bf,1,1,2
0x6de3f8a52e94c3496436f77290b606b3005c6dcc,1,1,2
0x2fc46a029cbbd2f71fb8834e0c1607e3d430d1c3,1,1,2
0x6fb817cac203426470b2c744ae7209e7f10a25f3,1,1,2
0xd0e76415cf59e0e43b9ffd290a91a35b6f2d92de,1,1,2
0x674e447016bdf7315ec840b9309e9ff7824b11c5,1,1,2
0x706f60f0895b193da3c0010a182a767cf1bbcc6c,1,1,2
0x0d2dc86bbc0addf9cd7529fc8f5c3d0d5b702543,1,1,2
0x8a161a6c92473d5113950fb4223e4ab56454f875,2,1,3
0xf525fecaf7c2de4af67326aaafba07f1ab2e357b,1,1,2
0x13800d940d75883800bd40ba6d33a5a1a359e58f,1,1,2
0x100bd2fd87aa25a7f07048ec23e2f6b484668580,1,1,2
0x138985b1583742f26c1c3ecedf2248130ce785e1,1,1,2
0xf059814714088ea5b8e0d1a1490e11456f38690b,1,1,2
0xe9848138738805088daa2381f2411c2ace53642b,1,1,2
0x356f53ee4ce91b631124d0390c54cc5aeff84534,1,1,2
0xc279822d0deba0ff09f8864b3b259e6b2ce6ac6a,1,1,2
0x0e9440746c4f36ea35a7b12e52c1c4e177b96014,1,1,2
0x1d4a8bbd6779c3eb488b617a067b7369e3073c06,1,1,2
0xb17f945b2970164dfdeed1bf8e6920f82ef4e5ad,1,1,2
0x906f18868d0dd2172537ed84bf6e184f439cce15,1,2,3
0x63d8d33964c556ea4b32a33b62af1a1e8fd1a93a,1,1,2
0x77d17b5c11c0d4cf5cc8159b21247b816647039b,1,1,2
0xbe73d62d218bce5b189411a75ee442e1a45480e0,1,1,2
0xbd7d892a55e8a9fdaf87d12a15cbdf74fc3e9bcf,1,1,2
0x634df9ecc51a453126eed60735d956ee5c7b11c0,1,1,2
0x9d71362db5415d63ce687717ce3544d28215ede8,1,1,2
0xf1586bf5f4976b506028c930bdd261cd2b5110f1,1,1,2
0xe739742a9cd7788c375690e417260e4f51de728a,1,1,2
0x5a07caeec04b066eed7c308150e7739e0bc467c2,1,1,2
0xdcc9c2f84b88d95ad31b8e0f30024671d01a18dc,1,1,2
0x760bc40ac6f6ba0ab78ab3effafcc733391c5df7,1,1,2
0x0c0dac65aa7ef5f7e8b2032c469ab27e6e4b82d9,1,1,2
0x03e55ec426484842d63d9fdda5b61b5ca4d7399b,1,1,2
0x716a61737d12a4d1b69c180d009c940f2902fc5e,1,1,2
0x42349c770f7206a9fc6cd328de5864d19296c82f,1,1,2
0xc896248969147651fb56d6dd728299e54006ef89,1,1,2
0xe511a2720bd41bcdd942584a071781f8bd887076,1,1,2
0x434e9d330b9017b4152e9b1ab2c55cf2ddb47d33,1,1,2
0xdc5137415efc7bff2f73271228096001cae0fc38,1,1,2
0x1d2a9df4e0d5f0493daeda94f589f00697c40f9d,4,2,6
0x77134cbc06cb00b66f4c7e623d5fdbf6777635ec,7,13,20
0x99cf3c1098cad62f4ff3654420d4c8b783f97c40,1,2,3
0x2b44f3f308858da042677e00301040f63dfcf8c8,2,1,3
0x983e3660c0be01991785f80f266a84b911ab59b0,4,3,7
0x5f4db29f86ef7a4a25698e03e8a8f34b52f7e02c,1,1,2
0xb8acb3c53d06f29d47f3a7db2311f9a6e964e757,1,1,2
0xd00dd284e570e7a2ab3cd88d6749826523dc5f4d,1,1,2
0x8e2f313be1ccfbb439786de89644824456a3ce90,1,1,2
0x3629322edb1d3b5399c4c1b9321cf75cf865c063,1,1,2
0xbc3d6558cf0126799b72d12dbf6b2615199cfd41,1,1,2
0x25aacb1762946402a29eb6e05620c31ba9b3e92d,1,1,2
0xc1418f5660d76639fa1eefc0c18845d965740c35,1,1,2
0x5a47243fde098eda4c5c042b531530ef6713ae7b,1,1,2
0xf68703b9bbadb619248a5b45b125a203956618d2,1,1,2
0xa1323b3f9b5b95ec2481e0a24534bbdda242e2de,1,1,2
0x152a4299bf45ce80cc9b48515861ddcd8d6967e8,1,1,2
0x0ec27857a3d5e0ac8fe6e94d6407952b6df00fbf,1,1,2
0xfe64d3df8fcc330b5581b7f440b15152572ec3d7,1,1,2
0x3ebd22b15603b98e26ed81b23ce2530269402753,1,1,2
0x72b07eb637d63ab84ba11cd97af7927a094c87fd,1,1,2
0x3d605761cbe567e1d35d9c2fe3ba712c90b6176d,2,1,3
0x96ccc190569eb0b276fd010cf82ad227e421a4fd,1,1,2
0x290ae67c2007ddf5c1dbefdce88bfb3d150ea63a,1,1,2
0x43fc7c4627841aea13e3473a9d089b87da77411d,1,1,2
0xad0e8d84d6de1d5f912dc57455f6cf79c8710114,1,1,2
0x2df108a7dd1df5d3264e5aff218c3439188aa814,1,1,2
0x7a735871f6d06ab138dab8e8b67443df162cee2a,1,2,3
0x1be37b1b202af3ebbbbfcd86838e0509bc67e117,1,1,2
0xfe62befbd7a40d279296d41f86d39fe1d882eb97,1,1,2
0xe83f0c8025db5e4ada4b63ced685854dfe732109,1,1,2
0x3730f3d58a3ccb7f70f24e9227c2e197ee1bd2b7,1,1,2
0x3b63e9915144a4ff1acbf11c23c0ae048ee46cfa,1,1,2
0x27b0d28d62972ed499bc867dfc67ae912fb7f9ce,1,1,2
0xc9c708bd6e1b219b887aad06e219b4d189f7e157,1,1,2
0x1bf8b2e29bef613853fdc538c44ab19f9a45b3e2,1,1,2
0xb94c9b4fc38a33b4272149d61785e7b61f704385,1,1,2
0xf1935e97f8892cde845abb27786d6a722387487a,1,1,2
0xd2082b7f68c34e1a675b4dfbd5fbd73f4b8f5bb9,1,1,2
0x7aabe4b84627ba6aa83fedf1ee2a060872cf79d7,1,1,2
0xfd1e79126e7eedcb77511961624f6d0af2d299ef,1,1,2
0x8c73c5fc9ee25750cadc32eb72adb406545fcc33,1,1,2
0xf73bdbfb2ed64bf07b4cf519272a1e806b8382dc,1,1,2
0xec33b0aef50e29463de5e7da7763aaad38c4d5bf,1,1,2
0x76528a922b5551f88463b3bd04e0840e74e9bff4,1,1,2
0x90c1076a8a4c3a8f1acaf82e020706a5e092ccfe,1,1,2
0xc9b0e9f94f914da59e322bb4ef723cd30c6ea456,1,1,2
0x99a260c5f9aef6b61d6ddcf7cea15b508f089765,1,1,2
0xaf60959e2d8f5ea09fa84277ec2a85993ae3351f,1,1,2
0xac63254c3f2be9ed0e47d009f5f0729f8e00f4eb,1,1,2
0xd17ece7104a32f67d22e4996f76d3716845494ca,1,1,2
0xbe129684744a5559a5293cc79de1e59a73d55e79,1,1,2
0xa002dc736a951d3e381b284a9b3c09bcba0a3992,1,1,2
0x2c9805430b738e3a72570efc6444b2e68e55867a,0,2,2
0x27f7e315d9d2095f4f406a0fe827d2471a72927c,1,1,2
0x501c11392be2d9e6bb3b223f508d7be921597cb6,1,1,2
0x416bb7c29646797eadbf1d313a3dcbaac2193a8f,1,1,2
0xa3a2df54e600dd03b2929758f6f56b59e0b1189f,1,1,2
0x7bed993c8e6078554e778381a0ddad3bfd1b081d,1,1,2
0x253b30ccdcd605e5da778493f385310bc0c6f07c,1,1,2
0x67a62880357aa60a8c882136725c6f5c08900de7,1,1,2
0xcadc2325762748548ab3e92aaef7feae21490752,1,1,2
0xeb2609ab5ca27dbca7f05d271bc539357c77f8c9,1,1,2
0xe2fab1300bbea2b80f426b74bffac195c5627128,1,1,2
0xb59553620e48bef72f7372effb7215b4b7afc687,1,1,2
0x9aa935ffd32f71c76689601cd5a0f85a4b062b2a,1,1,2
0x2e840ed73667e989dda351baae390fadbace1387,1,1,2
0xdbcb22b1f308f0a5881b2e20e497d2b6adf9a156,1,1,2
0x4af46fd3316d8d74bbb1fdff84fa709106a1427b,1,1,2
0xdb3a4d2b87706185fd0fbc7f4b821037bcee0d7d,1,1,2
0xabea16593e758f0f5d22a17bc3b6ef08840f5350,1,1,2
0xad3a4530dfa4f69fb28664d0a9cb3cabf268c45e,1,1,2
0x2e07725defc575fdd6f05cad527e52fba8f3a6c5,1,1,2
0x6104a4f808870027126aa908a56f0df24593f370,1,1,2
0x5ebd1c805cf3b860d81e9c9f2f05a0340269113c,1,1,2
0x81f95fceb223fc938daca21dd35f15aa4444c1a1,1,1,2
0xdaa4263d4e9ac47d45f919aa98692f7daeee51c3,1,1,2
0x691954c351302214befaeb2d197e5b989b5a0640,1,1,2
0xb7c8fb52febe711db99c31f846a107dd439f7651,1,1,2
0x64a25a7a8e6c6dd323c5b5d91c5b8f60fe139a35,1,1,2
0xcf8f0a5debada815c9c83ab06657028477c854d0,1,1,2
0xf1d2ee7da4f42ec511f0ec0a68fac3e67a7f20bf,1,1,2
0x7b733f23dbee432504460f833de243f13158702d,1,1,2
0xd38b6167e3c02770d475393d9b296e0dda775e44,1,1,2
0x36451e1b9e2bf4b78cfd713786673fdeafce1ce9,1,1,2
0x78e405127410afe56b919ca0af2c3f7943833a0a,1,1,2
0x5132d4a98a3ab9aefa43d4dc3dd6f84673df0639,1,1,2
0x123c1ba8be1e7b6d86683b75c51de827b8f6bf6d,1,1,2
0xb85a4752c888130133499cea6c81b26db57b4a29,1,1,2
0x0939e42a6dcfc14b8e83fea5a9dafccce6ffe6d9,1,1,2
0xd72c4112ca82cf5774b727dc4369b10e3e1e38b1,1,1,2
0x67db85a962026a9c8d45b10f0d0cd5f50306ea3a,1,1,2
0xebc5bcb449390009378fc62ab834702a92c1fd9c,1,1,2
0x833057d540d78cc054f07e76a6845b14b3122922,1,1,2
0xee5623c8f90b3b53afd7fbd4d58c9a2517ce7625,1,1,2
0xad5f97cb01a9024a1d233d7485d00a3adf3eee28,1,1,2
0x2ac1c593c60616942108445309dfe577a40c4f2f,1,1,2
0xa8c750d114238c17397a778c871b90a6ee96ddd0,1,1,2
0x78bd1d99ac0d074e3e5ec591ac5944e7e7c05048,1,1,2
0xfb34086867a719a3367cfd77073eb011d8302728,1,1,2
0x6b75d8af000000e20b7a7ddf000ba900b4009a80,1,1,2
0xa903715b57d3bf62e098a6a643c6924d9bdacec4,2,2,4
0xfe37cab5632f741e6fa6f4b639ae47d39231820a,1,1,2
0x3120f313ceaf746106768405f4e6b8b33c9ebdfd,1,1,2
0x4658efa400418b0be37a41e04262654f52e0d3ad,1,2,3
0xab0944b51b991946b0aff73ac4ea83b26cd5b1df,1,1,2
0x1a218ff5fbf9fd472ac9a8719dccc2460086742f,1,1,2
0x2e75d3c49fe21ec4c6b8d8bde69cb4110aa4cee4,1,1,2
0x21c11564971f94fec74a1cf9477d494d315a7200,1,1,2
0x15e3594fc7039ce32ead1eda1c5fbac7815a84bb,1,1,2
0x10e6303599fd86e4ed8c6dc2df18dd0753c7d22d,1,1,2
0x4a0a730b104261c452dad1c92abeb3ee1cf83c54,1,1,2
0xd7a991b061fcf62a8dcc38f528bcefffc0773397,1,1,2
0x0d89de2899f35d7ed43537267d29ef932d7282c1,1,2,3
0xadaf0da2f42bf54e2ccf455f795a04ecd744138b,2,1,3
0x98244b7b9be8496bcb801501258cdfa55bd7ba0b,1,1,2
0xa18a26d2a81367afd3b0913785e762409c4f59ea,1,1,2
0x7602e44227d99773a5612429db9a67a812ad956f,1,1,2
0x50d39efc2c2bf47f359b26ab05bfc5ca624b47b6,1,1,2
0xa9ef771895e2fe4a11e3b53124468438ef88fa8f,1,1,2
0xbed8e684dc4bd0b8dac538e69271e7de9a7bbe2d,1,1,2
0xb9df393a4f04d92882717f5858b164a815e83c6e,1,1,2
0x00a2ae0b63a1c30996d365f135b4ba3a42aaf1cc,2,1,3
0xca900cd35c4afb022d06abaf8fb9f93399141613,1,1,2
0xb1e78c1837fcf0a9bc1d6ac2667d8cdddae10cbb,1,1,2
0xbb8c50694c60b8baa8b8e479929c81b89351fab6,1,1,2
0x79bfeac5b9cd2a19fd9d0c82119ef433c1b12fa4,1,1,2
0x64165f1188c0b6e2991c90e5af2e466aadd52688,1,1,2
0x4d1fef383012758a6b74650f1c4ba503ee243cbe,1,1,2
0xf6a9890f411b16abf86c2a2b6a67bc01ab90d153,1,1,2
0x11345ba42c26778d64883c8013633c37b3e68c57,1,1,2
0x7ecffa4825423cd1fd1290cc783b2d3f6d64d3c5,1,1,2
0x534cbf9b8195b2bfa44db2e2176c4a328c8c4cb7,1,1,2
0xe24c89fd4565a25dc447f8bd45fcacc0cabfabe5,1,1,2
0xb2bd0323e18981f6bff0d18ecf96096182bd05e8,1,1,2
0x412023015b992cbf75c5580c6c37cd186479a773,1,1,2
0xb08d24674e916aa8704e68ca773c2aceff8bbcd3,1,1,2
0x43a989fd989dd341a476ad842467f61974a469e9,1,1,2
0xf4fba543657b48a8f4077a645384390f15232de2,1,1,2
0x68e939e7cd111e8c2f33b8579578009741fb9eed,1,1,2
0xc886ba65dd785e23d92f04956c3a8f0adcbfe81e,1,1,2
0xba5e4e1dd05298e87f01f778e83966c63636c250,1,1,2
0x910d47feba1fad43b92cb48b3558f4533c460655,1,1,2
0x3d036eae19fd788160957d3b51cf2bb7b17d86f2,1,1,2
