"HolderAddress","Balance","PendingBalanceUpdate"
"0xbb54a96d894c5d3f342e1e605f2af955b28fa003","343,953,651.26891","No"
"0x06fed18718975d9e178e0c0fea35c18eac794c3f","323,223,315.17000582","No"
"0xcdbf58a9a9b54a2c43800c50c7192946de858321","105,867,371","No"
"0x1d2a9df4e0d5f0493daeda94f589f00697c40f9d","3,893,989.54267809","No"
"0xb8cbbf78c7ad1cdf4ca0e111b35491f3bfe027ac","3,100,162","No"
"0xb0485c670b9463531d7731ff282976b546b631b7","2,090,000","No"
"0x010d409811ef495aac1f4e5b5a09bb093ab25519","1,405,897.60236622","No"
"0x8d12a197cb00d4747a1fe03395095ce2a5cc6819","500,000","No"
"0x77134cbc06cb00b66f4c7e623d5fdbf6777635ec","351,925.96349668","No"
"0xf6f09f82ff1b416f84dd0bf9acbd0515d05e5f4f","250,041.42857142","No"
"0x74dec05e5b894b0efec69cdf6316971802a2f9a1","211,837.99448589","No"
"0xff00708139f92035a90faaf595534d0874fc87af","201,942.77598764","No"
"0xfbb1b73c4f0bda4f67dca266ce6ef42f520fbb98","130,796.96756968","No"
"0x742d35cc6634c0532925a3b844bc454e4438f44e","130,217.30937","No"
"0xa12431d0b9db640034b0cdfceef9cce161e62be4","82,128.96752668","No"
"0x024844984357118fede04bdf36ef058629c0ca70","55,000","No"
"0xb51ad361357176bb5ef1a2c315f407f0d881aede","53,817.7264348","No"
"0x4f30be41b60e34c242c0b776ea4995478cadbf9b","53,189.81","No"
"0x80b709d106d870920c988d96489036300b158c4e","51,149.29319846","No"
"0x550ba4242526f3309ab8a54141a7df0c7fc58e64","45,989.83955531","No"
"0xdb27f9120af34678bcbd6611e442d7290085be1c","43,119.9874356","No"
"0x947eec2667bd62689b9b0f09d911900449139e79","40,716.78336755","No"
"0x49cd9ed978b2a2b9719425280b5f994beeaeacd6","38,965.9377","No"
"0x5e878bd819fa12c3900483fab96008f5dbd77b90","35,000.90947603","No"
"0x7d62da26ce174d119305d39d13c8fc782215e2d1","33,429.4630225","No"
"0xe2ec247d9630d6cb4ced5211bbd9deca24ee7b3c","30,025.33665093","No"
"0x08bda5a8904d3b60f804becda6f553192def685e","25,329.22620898","No"
"0xfe8fac0a80ed67d0c98f303259d543ba213ab996","20,981.5633671","No"
"0x3851d758780ff8a802fb0d4b1530ad2155c75d29","20,010","No"
"0x9b716dfe04b00631f41add5c3d880b8e4922ac21","19,760.7321","No"
"0x26abd2065b1d8d2074fcc6be6952a1a39cb75c58","15,344.24454852","No"
"0x0805a81eff58c3e2f3043bb89d3035d1837f93c9","14,098.0081061","No"
"0xb59733085c33a8962e3b00f0f3d2c91cee2917dd","12,336.35618979","No"
"0xeb2609ab5ca27dbca7f05d271bc539357c77f8c9","11,729.43230008","No"
"0x48f1524b68a343e7a47d32e784c8655f30683edd","11,181.98112879","No"
"0x1a4c49cd84e5de48d4a167dd804ceabd64d2dda9","10,100.44214668","No"
"0x04e638fb781fe9b9179333c2201c5b6914da1a28","9,900","No"
"0x98217b74846a84e98e515a536ded3f0d89d1ff97","9,186.02997942","No"
"0x6b82694f6b9254da8cdb11be621f30e04dab0fd2","8,770.62687033","No"
"0xa81011ae274ef6debd3bdab634102c7b6c2c452d","8,277.95070801","No"
"0xaceb7f033c95485b97f8b9c87164d86e39e8004b","8,275.3627","No"
"0x389863d378c25d1ecef6ad6e93535015f0b5fd03","8,221.71433332","No"
"0xf9fc75295578964d06ed43dc77f53fb86a296b9d","8,045.48573407","No"
"0xc6c11609faadabcd955664478381290e6f180266","7,688.59785286","No"
"0x9e9f3e7024d4eabf56a2013717251c804ceae10a","7,676.61959613","No"
"0x5e70828a8e7594846b65ef03d9aa69df39158390","7,506.56206745","No"
"0xd2d62d8e377ff3007fe29ff4ddaa2250ceada282","7,464.68959701","No"
"0x0947aa4073cb46c30c3445a1d3ff3b4a6033e3d8","7,227.78635855","No"
"0x0f76f4ad3d6a63fd024091749c42523dfe74f1bf","7,110.32003648","No"
"0x29b08c4edd0e0ccb1afe8565e8ce97e5864a65b8","7,061.50311927","No"
"0xa44e254dff6f45180b4c94aec3cc0b02f3126813","6,997.19238633","No"
"0x625533ba8c4a32542710537eca38cbe3b83d5852","6,741","No"
"0x17e5aae56d0650144376926489c2928c9615dcde","6,731.35866935","No"
"0x3d6ed5ceed5a3313351a45aefb420666e70eaf27","6,712.86669942","No"
"0xeab6c55a0f70e6af6acec9d5bdfa59c0dd701cf7","6,151","No"
"0x0dc1dddd66c8eb52e1e2d4da50aec476310d0665","6,007.78783418","No"
"0x735398a1f82bb6790498ec27b86e11e7defe1eb1","5,959.55228029","No"
"0x88a52dd54d5bbfc72e5e4e0a2d6a324fde97e4ed","5,728.76322239","No"
"0xc49f120525e24e2c495bebeb14e5d0600beae42a","5,578.41980172","No"
"0x4c45b70dd51253cafc1048858ca01df613ea9738","5,297.70879112","No"
"0xc2e644ffb7a4c24b50a2f3db8a5f354ff792db81","5,000","No"
"0xae13c2019268f08ca394e438954ecece00920a62","4,995.83891835","No"
"0xbc32a4eda188598861b8699b1813b057716da3ea","4,983.55271345","No"
"0x18c5f405d8bc13c74fa420eeba989b2aa007648e","4,980.27409464","No"
"0xb20007a1694e273d5842989b92128284c53b3be7","4,903.05461442","No"
"0xe669ae0e2eaf2c315a7ee729fd3eaaaa27ebef95","4,890.2560117","No"
"0xbdff1d2b176fc43805ffa681ead64ca0edaf83c3","4,707.67386986","No"
"0x1b073382e63411e3bcffe90ac1b9a43fefa1ec6f","4,387.69820309","No"
"0x10429c0fd75fcd50332b127b31c7f83be6ec515e","4,193.01386184","No"
"0x9f4fce41817bbae373240377ab6841a0eb426f0d","3,973.1","No"
"0xfeab1428ed6327542fc5f43d72d77b24810b6a75","3,915.55582924","No"
"0x415a2d6fbf2f81cf4ad6468756c0bdd5e34c685b","3,839.08883816","No"
"0xb15391eacce8c40a0e3cb97556ff1a0377a6b2b7","3,810","No"
"0x76060a4dfa2bd42d9f217779f8acd7a2af8cef48","3,764.454","No"
"0xd8d886979b87cadba3b75c840ebad7b88d88debc","3,754.61547907","No"
"0x90c515b1b5190f8582960a3bb345345a5d56a794","3,635.08094553","No"
"0x83304c8173986cac904a2b22e2ed1c8e22704557","3,626.50642615","No"
"0xa849c67a0bcc281c26975ef9e6e7a73388be0f65","3,563.2654005","No"
"0x7fc64149f0d21aad2f9e00ca1420285ed475c614","3,219.24328085","No"
"0x1f695787944993398cc7b0274bb5d7d740e54521","3,106.41110376","No"
"0x86ccf0491ff9cb7dee93b5061a946ec714407fb8","3,000","No"
"0x4d7c2fe9256631df00db683bf538a1c3ba8d027a","2,988.22900178","No"
"0xe583745b42370c414958d4b0104c45606f23a233","2,928.20395511","No"
"0xcb8eb9f660a3dc1351552a2656ccffe67321806d","2,893.31938815","No"
"0x9020b59840ae2cbb24fcd9224131e1a77aca61e8","2,801.38645586","No"
"0x7b079cde0d0f30096e4ec968f92cf07339fae3e6","2,801.00269719","No"
"0x3917cb99ed9c5ec4975980b6a7f6f5547622478e","2,800","No"
"0x05121bbb19a168ea96418c71c13fdf83cca7ca94","2,630.20890351","No"
"0x768f03bd2713f8b9634356ac83113d5356e82f01","2,612.51847454","No"
"0x5d4cc151bcf54172f6af3de984e78b2f54c5e6d9","2,600","No"
"0x5787d2dba7608d9bbd390ca67e8fed48f4840af6","2,600","No"
"0x0f214f2f2091a001b7474c320e9a4a6c89f52eb8","2,452.49696118","No"
"0x446cadcf3c839d1f9bf4dd9364080bd6ddc16d43","2,404.31756449","No"
"0x09f37295c7e83bba24b43e3197f3059878c88220","2,342.72326673","No"
"0xc69a6a570b812c926c81c8d8099d9f2fd2cf2c0a","2,290.48969838","No"
"0x68a2575b1c5095aabb105d9f783ccccc4fbcd22e","2,283.05989679","No"
"0x618392e64f67e457abda090417b6fc9d68c51c82","2,091.06267205","No"
"0x944625b74b591a99657f2a24f2a5d959074ac6f0","2,090.91640004","No"
"0x83d56ce7360a6fd1909b6ebe5dda90e01106e6a2","2,088.58608758","No"
"0x8ae3457ffe9e19d7c3436f42b8c2d2c9dec3ca7f","2,000.08708959","No"
"0x2f05d94c6d16ec7562169387415b6c480b1ac212","2,000","No"
"0xe91803c2433d8da70b0ae32ec91b5252cd3b2f76","2,000","No"
"0x6f11228ee83e72c457926733f377c4786c3a88d3","1,996.39469659","No"
"0xa3404f072959d65d77cd03afcd633b9c96efcf4f","1,995.14407672","No"
"0x326749d29d2bd59d5cdb8701f2413cb107467a0d","1,925.00009339","No"
"0x879d24d80705ffd30e500640a1f1f1d0008ac005","1,904.28483786","No"
"0x1d526a038c9b0ac9f0f1c58c827f3c698bb7227f","1,891.52041838","No"
"0x77b32fe18ccca6d0d1d387f1a15db44c52806a9d","1,740.86312563","No"
"0xba6a90ad0aa00d4dd42a2305d261c91111556f79","1,730.13454689","No"
"0xc085e9487940b769cc30d7dc34048cddfc0eca30","1,695","No"
"0x0c1358e148b0d9fbcb04e6e5ac2d7c5e76bc6f22","1,685.51024126","No"
"0x744f25650af7cd016df7221bd07647ca25dfc2f3","1,666.85087768","No"
"0x602d7e04a8671085589ec69e6fbb30533bbe7ec8","1,664.52028332","No"
"0xac3445f826c130b225bf98687e41ed370c1319d9","1,650.61844409","No"
"0x105a16d82dc03ed44d4854841fa92c545d506a13","1,500","No"
"0x7682e94eba33eed586b8f2992262e3bada130371","1,499.13821677","No"
"0x0b2059b7501f5c1fa65f2f77d57bcb0495b6ac4a","1,451.44316724","No"
"0x9a24f15d07c36b453b442561107b7631e48fce17","1,439.57120902","No"
"0x9ceff1bff32552ae52877e2bac0a7780917f1182","1,418.51630825","No"
"0x26e4ad5c36be67d03bf22af3a397df2ff4b4a2d0","1,418.06998913","No"
"0xc1c8681e7ad4bc2eac09607202c79adc7290f866","1,417.3923379","No"
"0x90f743f4eaed137598921cc2fe38e3d937c321d6","1,414.30674374","No"
"0x1ba65a907df9c4f77622e37efef695041e0eca45","1,408.47051935","No"
"0xe8a2ea3a1e2e21ae4f66dce56435e909840afa86","1,385.33067835","No"
"0x47fa529093222d5d62499a7351c073d21c67fa93","1,373.35494093","No"
"0x9fafa03d285096f8bd75c980f22dbe68ceb9443e","1,356.90424458","No"
"0x92639702d4a5d411d995565533646ecc5c10f185","1,352.60876281","No"
"0x8acd341144317e7dbd30d05c6cc87ecc07523071","1,332.47643541","No"
"0x79a7f69fac8a2b94196b7868aa4daacb2eb5df35","1,312.42428321","No"
"0xc8f1ae3abd21705af1ce9dc883407d011425eae3","1,297.8223094","No"
"0x4ffd42d2fc86991180925811eb1f66824ccdf1eb","1,291.67612236","No"
"0xe73ce8a455adbfe1cb72ad3843ee23bfc67c0439","1,291.30547584","No"
"0x4cb450b131529d58893d17771f584c8820038f98","1,262.9588189","No"
"0x9c3a248a7a38c6d0bc04be9b69bef1b6473fbd08","1,240.31577357","No"
"0x3c163f1ad128d79d6fa137fc6c231547e0a13185","1,200","No"
"0xb0e4b69a018b35102dc648f81542efb88744b5ef","1,190.81143732","No"
"0x1a447e209b39655baa9de5df27088cdf8a67e112","1,178.33","No"
"0xd100c58d60c0aa49414b4c8b930dc27481fa12bb","1,172.31621347","No"
"0x1bbeeec2ae80c31c73119b1549d27ac2af3dde84","1,168.99333982","No"
"0x937b0d26ecfc779e2e256167ea9eff12bed5a7d0","1,165.31390635","No"
"0x9c1bd56282921ecac9344286b81ef8eb3207aa24","1,155.48003398","No"
"0x2a61facbe281c097f257eeb524e0159b6e862e01","1,154.25781149","No"
"0xeba6f187678002186d6764b547d1878cc47c2d64","1,077.68290605","No"
"0x08d54e8b1f502821d3e2c4f53fee8c48a1e36d3e","1,041.26316344","No"
"0xb911c6e176d87cb1074928c8cccf317cc7c046da","1,015.17872521","No"
"0x129099cef3e04a0087bdb74919b2b1f10806e502","1,010.4033077","No"
"0x16f03094e9e4c56b828445ee8780891d1b47e693","1,009.89215032","No"
"0xb0a119eabb5bf005952ec249506ba42da589bdaf","1,005.29670012","No"
"0x8dff5ed950191a69b0c33bbc88e7b0c1a2d71864","1,000.27960124","No"
"0x786406b7a462c0e653c93642282be73be10a8022","1,000","No"
"0x346220c3143b05bb6226cf41423f2e9ed161b195","1,000","No"
"0x3d605761cbe567e1d35d9c2fe3ba712c90b6176d","1,000","No"
"0xb9e0e1cc1d38bb7316e51dac0bf5cf1ae860e8d0","999.67877821","No"
"0xb08cec757e0d4590f71db917a5ac3419a6af76e9","995.77333561","No"
"0x1dd622b5cc25ab33b22506ccd8f91f988be9b05c","990.43838432","No"
"0x9bd29965101e5510fbb7f6d34e1851558bd7d451","986.80151595","No"
"0xc0f63839e3b0554d41e85678b839c370455d34d8","984","No"
"0x1fec442d65eb7f43c771a33d29e9bcf4c191e994","964.84247346","No"
"0x188ceae758687afcf76da2a9a74ee58672ea9014","934.44021676","No"
"0xc846bee2f1fde6a4a174769f39008f337669bde9","929.35516107","No"
"0xe6efbefd5db0cb4ae6cffb0e6403e8a5cadeab36","896.05065189","No"
"0x7a30e1fdcb45bfdeda8bac4d04a69d3c9f1bf1c2","874","No"
"0x78a4d15c6b2283a36d72ebe5f2c4ac840ea55c95","849.667","No"
"0x1c67f3b0e3689dc435a7ee4b672c265be7fae89c","841","No"
"0xbabb6e03a4ef8f87599747037b0948944e7c42b9","828.19479558","No"
"0xef23e109fa0b5cc3f9b16c73034285ec717ce09c","828.05160436","No"
"0xbee4d2fb649a82a0096b93589838c7f0c748c4b2","827.51786874","No"
"0xa6dd6e8260dddd30588e9eb2a3a3305ace2ac50c","825.42035509","No"
"0x1107638595fbad1d5d7951d18ccf012bfdf83b1f","818.21247892","No"
"0x1d15395f781e9e13bf77fc34f1663d6d3543c7fe","815","No"
"0x5831128a63e16f1290cdfe34bda6a239b48281df","795.92486469","No"
"0xec26ce07ac23e79dacb0cdd1bed9f4e424b215cd","769.07497654","No"
"0xfc4d306a0374497422d7e5f24582986655007996","765.99863546","No"
"0x3744fb56ce82944fed651be11e0925cd5ced3bb3","763.64398581","No"
"0xa5ec8bf9e7be485ea127b7cefce7218926fe1fa0","756.034","No"
"0x3f6df9f528db4cda10c369561b8525b86bafc89c","749.7504247","No"
"0x00a7c1fcfe21934f45ea6d0347c3329a74154c37","739.35","No"
"0x521fbd1b1f4c122b70efe77f33d0c6ffdfcfa361","729.50105907","No"
"0x336bc387b869d5decb12499cf2368094d2e1bccf","724.17545052","No"
"0xde8e852a608ea09ff8b5d6c5e5557a7a7d05fcde","707.72869354","No"
"0xa498d128eb210556e94e0013fcdbe5c634f7439e","706.77142978","No"
"0x81bec150864164fa9c0a5c520c092f564c00e9c4","700","No"
"0x57e5f89e0559def637cced80c71ea28ae82a7aae","695.84897433","No"
"0x584ed395de6028d43e5a29f03314f465f35d3dd5","694.49827655","No"
"0xa014a7b2b2ee9a367f6326081cf0396348e9634f","686","No"
"0x6a78b924a9b4f486ca93923eceaccfbd30a09ccc","669.33962263","No"
"0x5f63f323392ce478e37048ee43ad916d1a409ec4","665.25345998","No"
"0xa455fb4a212e956daa0029e730035765bcf67675","656.60174297","No"
"0x03bbacf249c1c4e27090f75a7dd26485cdad0465","646.74324","No"
"0x0de6c855c78d40f9fb3d355c9978f20e8f4f12c9","635.56154053","No"
"0x2adbdb37c446361135f30fb35c29383398b90e68","632.8034188","No"
"0x697948c12125ddf202eb1d51fa92de3f63d4a4fe","631.26133207","No"
"0xa82fde77436348ac322b598168df3d29402b9a0c","629.39367822","No"
"0xe3bb2c2774dc74cb02c8cd882ae34150fb5dae58","624.72892281","No"
"0x3e008d8bbc446371c435eb2051f8b58827012777","615.24826299","No"
"0x11c1ba438e92ca80d10e7b1c4dc38c7900f7f8e4","612.35842477","No"
"0x2963298e4a5fce82ab57c856735b74cf7e8c079d","610.53447691","No"
"0x50cd55b435615fe82cf2ab011be9a9a91f6329dd","609.39114281","No"
"0x8138bdb27cb12ed62dd587d7291b9f45e7946133","605","No"
"0x32576d784197e3f60db07037667f0c69c9a8a5fa","603.74507951","No"
"0xb12c65f5d98daed691512c26451211e0ebab6830","602.7616554","No"
"0x77dcdf5dc67b55c6003ec80487cfc0708494f186","595.00182972","No"
"0xb17f945b2970164dfdeed1bf8e6920f82ef4e5ad","594.80680578","No"
"0x0ee433ad5d12923925f44453952c13ad38611e5f","591.89416125","No"
"0x8baf778c780fd3bcf71428861e78ae1eca64dd48","590","No"
"0xb9fa184c2768e414dd83b2172787b7a6c57b7edc","586.57326121","No"
"0x185f8e81a4d7554c2bb09a0f79da769f16da2e70","583.82168175","No"
"0x6c6629a62b4a001f6316a8d0ad971b3013c53964","575.81593751","No"
"0x5d44035978c748c0c7021556f7b598d14af417b3","570.25541545","No"
"0xc04243fa2b192ae199ddff94cdb6b1418867dd92","546.03365384","No"
"0x4c6fdf19c8769c400f7a87b762a1482cb554597f","537.55938674","No"
"0xc93a55a1cbb14ddbc83d9a0c321678c8cc51721d","530.35288182","No"
"0xdbaaaca6f9dcfdb2e8f3a0bf0607ed4982f8d1f0","529.81324278","No"
"0x5b60b6692390c59e15d6e4780c8d1162d2445d0d","516.48062163","No"
"0xdd1982d6a29c7500a9d2489e9aacd4518b76a6b5","512.0868889","No"
"0x5c830477747d2e2eb97e3a056925005014a7b6bc","502.37448825","No"
"0xf187cd73ff75756e1066cb09633d00e318e658e5","500","No"
"0x20d031535228826dd3ace84535756199cc866b45","500","No"
"0x187dd9db770ed6933afdab44f0ef9ce63f2f157b","500","No"
"0x3360dd13e0f1b664b993d365a6683bd0b68e1caf","496.15437514","No"
"0x877f65675f34f869d3563e2f38f1ba7c41bea103","490","No"
"0xaa2b3edfa6b0e3fb6973e5e6d2a40271f8331b00","487.76506144","No"
"0x5974459edbe9b7912b9f927803fc8a1daf457d16","487","No"
"0x12ba58af1eafb7cdcf008fb65d9621f5550fa00e","486.79683719","No"
"0xdbd2ea8b3bb0f0f75f898b2964df93f632353b5c","481.6751817","No"
"0xc4e394539a46f3374b336be06fbb5f1c56932282","476.30842326","No"
"0x171d9f43c7199b3333ad103de303c3191cf9c31d","472.00157047","No"
"0x3787b78f07dedac302e4500bdf08a0702fb165c3","469.58815296","No"
"0xb44122f528ffbe0cfe289cec1b6dd7c9b66bb0de","465.27733247","No"
"0xcaf35141837b5222550d9710855e0b5ac2024288","464.1608787","No"
"0x6784040308700940143268f4968fd0f95d1f49cb","463.72434251","No"
"0x002dc0d59d34dd206e0c0809e2f167461122f13f","449.3796526","No"
"0xd73f237cbbe4430f4b2aca3bb9f0b71892959b10","446.36624081","No"
"0x2d6f1d5d51b2503f077c2938f3dce66787f11c6a","440.62555476","No"
"0x6650f13ebc587e182afe13088624ae21dccea900","440.61752996","No"
"0x61bd68dde091c4c554691cd436e3488c5fe94c67","439.03322018","No"
"0x07cabc89317381a1247e31bf3eadd82a9cc720a9","438.70967741","No"
"0xe1c40fba0cedd9d098d24d0ea4feaad78f7f12ec","437.27050183","No"
"0xa01c7b471c7813aa7d79c40a702c3f0fdac3be10","432.62177374","No"
"0x6c2866f500f7cbabada13bb0a2917aa04700d4c6","428.93909064","No"
"0x66cb9b8aa72232418a19e47267d188c1b6a32ce6","427.7449871","No"
"0x9f8a8ccaaf00143bd64cbf50168e5747bf2695a7","423.12995798","No"
"0x250de0d97d17cabf587dac52cff479a45891342c","421.6091954","No"
"0x4c1c496c43dc31620d1cba8969fc977cf1c42b10","420.00840179","No"
"0x4aa9e2c95cc1b271b3d4e2e4cf96b7634f426d32","418.17674937","No"
"0xb2d62011ef1bf53a6e534c441c4b0f8bc35a4b27","417.76758083","No"
"0x2ed58e394dca8bb0eca8ac7ba2b99876f84a8bf4","407.41085292","No"
"0xa876d1db137fd5b6d9f492741b8a67780ed093cf","406.63790461","No"
"0x1298f0371137bdf0e4456718c17f1c889dc2f160","404.89510489","No"
"0xf0d17f882bf6f81b792fa4169f35e8039f549f14","403.11257412","No"
"0xed1a543c8411981db030fb740bdf37acf4c9f188","397.67550368","No"
"0x419458ab688722968ac8b28dfa299da5371b83da","391.07060879","No"
"0x37a88103219ac191c17fdb75c00f828c6d7ba845","390.49866476","No"
"0xe68eb58a9fab3b7fa09ee208c2ee37c848202d8f","388.76183175","No"
"0x6885b5ea70e1a3dc02d109ebee5214d2ce6fbd6f","388.30013337","No"
"0x864afee7190f822c3d53ea38d771f6c58604eb21","385.14285714","No"
"0x047d4001077fe07ee33361f5f4cec93b7f267928","385.07745127","No"
"0x382b4f8e16a867bbbe63d2e76e21ac6047bea751","382.8903017","No"
"0xdd4ae199dd34a190eb3fb5eb9cedfe6af9945fa3","377.54518213","No"
"0xd54ee0e37c574fd80c80d068a6fdc02f964475b4","368.13490372","No"
"0xf5ce4fcdb21ff2a80848815a440366c1113c97bf","366.12256492","No"
"0x009c28053d44d83cbcbe39f71766c357c5b3baf1","365.07903561","No"
"0xac407f08e90b8ed1752913ee939a26a6edeaaec3","364.52599546","No"
"0xb53c93572a3d88a6381243538401f14cea71107e","360.27430341","No"
"0x98244b7b9be8496bcb801501258cdfa55bd7ba0b","356.32228247","No"
"0x1cc326f1734d312a46a977bbb41f559a997392b8","349.64355937","No"
"0xca36fcc2175c4b681ee6e5eb48e1f263591efe21","341.13949689","No"
"0x4e02652c046d50d410da545137a8c9483d00d13d","339.56550362","No"
"0x639e7609fcf9e2b88ceea3b76ed6bf0758c7eccd","334.40031983","No"
"0x04e0af2188a024807fb66add0d93ce21ece16a8b","332.04434641","No"
"0x13460b47f2a4a9216d8f99f6f8e5113c266f990e","330.19755409","No"
"0x0a6dbcac1a6943152ddc1e8397b93999296dc83e","328.76236987","No"
"0xb25345b4851a33246fb38bd424b8f1fe7508a43e","327.47841619","No"
"0xb220ba8a959ec69d022e709c8ac2465327687bac","325","No"
"0xf945d447eaac231aaadb77f863edfae77dee9298","315.29562301","No"
"0x7e260b6e2f3a645f245f8b7939658cd0a9447647","314.34583277","No"
"0x083c4973e9d64bd973268da22bd7e868f8db1ac2","313.10507784","No"
"0x94774ec6d415872a719691029255d91fd9d64b44","311.19295639","No"
"0x963737c550e70ffe4d59464542a28604edb2ef9a","304.61915423","No"
"0x6aae8974a7a16aa1e7581e9210545eb34b7089c2","301.16689124","No"
"0xe843f308bb781a32a86039bd561a204816a31a09","298.07006369","No"
"0xc8dc4094bb516af92cff97ad0e7b2ea5473e8ac0","291.19946437","No"
"0x8981b57c4f641af465694838bbaba1e3d5e47f9d","290.74453","No"
"0x8c2f84912dc454b87b12383ddbe0c476299654fd","285.66855454","No"
"0xd230ad91ddc417ac1e0e7f7ff55d3f9606c11135","284.13693773","No"
"0xac7ac6b65ade0cf25fb7c8b032b5d826f5f6c856","277.49851631","No"
"0x65cbc8aa675e7e339e374568746b6d40e87ba084","267.02677972","No"
"0xcd2ec6bd08ca81c4c9454d8f95287a0f96ba51b0","266.94001702","No"
"0x48441fb97f000f376cc0c568103b48c439b5b004","266.8761881","No"
"0x88f3bb613660286787592dd1dc922bd65115c190","266.3825253","No"
"0x5bf673cc27b93aa18021faada946af3e09e814cf","264.13316166","No"
"0x2eb7e5843e646e9a00f31b3e88e4a2cef3a1a054","257.96472969","No"
"0xeb3d7fba376fa5e404c8ad87ba62dcf4f88f3c66","250.3675966","No"
"0x3b9ec549703cdd8e792f9398a2200fc8be934ded","250","No"
"0x150d6dede32d6a0b2d585cbe16147fccef518522","248.6200008","No"
"0x5413c3fa1d7c0b0c5675bc5a970c03af0cd1e0e3","245.71150097","No"
"0xa5d91cff5b17d94e2ee8abc20ef54780a1192959","245.21478246","No"
"0xf0bf45b22e043c1497c9f15537b82e27686d9764","239.18834318","No"
"0xb05e3b1b777868bf6f0180626b2b4f45fece556c","238.70549297","No"
"0x26a4a3adf5be3126ea805665a62ff88a085351fc","236.95780596","No"
"0xb96c9f5e9bc953422c88e810881239844857a0a6","236.07176581","No"
"0xc3ebf35731d5156b64a2dbde9c6de5e41f3eb6b6","234.49594263","No"
"0x4c63d150c8a278ee32f37d6ca59c65fdb0275ecc","229.83316806","No"
"0xcc9994db5972d8140344243c1c29b86ca7999441","227.48000477","No"
"0xadaf0da2f42bf54e2ccf455f795a04ecd744138b","226.41470961","No"
"0x454ad7269b3e3370b929b24a1b290c5f25652e5d","224.82086557","No"
"0x3a4377d108d35d51b490415758f8eade0fcd0d59","222.87012843","No"
"0x6f566ddbf70dee639ee6d2df3fb56bdb77e23e7e","222.32717754","No"
"0x7d2b79c9cd311a05e721c966f011da0089ff5567","219.73729185","No"
"0xd940a9c3c3cbcc1f90cf69646bcac4cefcbb4a33","211.50787156","No"
"0xdc6a4e61d550037a549e567e6a1e18519ce84b3c","210.37868162","No"
"0x5ceb51a97a178922c98a13435332117e24a47f95","207.40827841","No"
"0x6ce045d0c8f51eefbc08bd574832b1a199edb3ee","207.16864442","No"
"0x45fdd5167223c68cd109c9e427c29d29817b06e7","205.36033248","No"
"0x9462755b69b3832580db55bf489455d2cf0af249","205.14223194","No"
"0x6800069d2f9c994398184b193ca481fcacd45784","203.88978217","No"
"0x1bbb2454bd36aa710033a910893ee718f6041c8c","200.00000142","No"
"0xef364f7f23ab6ced67a26103cd399dc34e374ada","200","No"
"0x823c068cfa094b4409ef8c2cdeeb8fcb34ebaf19","198","No"
"0x7ea173f290db37295021f21e9fb08d6e5b8474f6","195.69471624","No"
"0xfe9fb45b58e955a1ca155fa8574db2575e84fd69","194.75308642","No"
"0x45bb75d35b610dcf9728c38c65f4b0527821d1e2","194.12564375","No"
"0x13bd0eb524525cb2bbb18632ee21c65853facc91","191.93730069","No"
"0x3e2a4ad57e996d9d12013afe4a72bef17aef6b14","190.02952924","No"
"0xe74a9de7804c9d586c9302b27434a7b285d5169d","189.10927153","No"
"0x7f0bdc5a996df970e3d65e67229c63b95ec9bfdb","186.96253921","No"
"0xb0a8e6386169c51c4f1af014d8e02e9210f81b36","186.67495859","No"
"0x20704889e9fb02bca6ad7d4af52be48803f2d1ee","186.08006549","No"
"0x53c2a1c471d50fc268c2c50d12612b5a3694ee43","182.36930507","No"
"0xa50d1b7266045a7796abaf79f343e80c91dcf3cd","181.01193457","No"
"0x091d1ae1b7698d17f49a8f24cc65ac1d79cce328","180.77571669","No"
"0x251e7391765c13911eb0c8779d6d7a15f059ecc9","179.93630798","No"
"0xab2973c890788a8831c645e9e1960e3f4a4fd8f9","179.85401459","No"
"0xb13127c3fb570126ec66465bd376aa88c56f4cd8","173.46621271","No"
"0x3fdfcc2d06f56a56f5d48956f1fa865c2bbf0a80","170.27652908","No"
"0x8124e016b94545c4bebc93a1f42bde3fac0f8340","167.49094634","No"
"0x702048a0791bdfdfeffc5357e05a0723366c1b06","161.85515076","No"
"0x1331218367f3f227d2dd5748b0db7e65ed8ac075","160","No"
"0x3591ce89a607fefcc092baaf016cdf953744cf2b","159.96578249","No"
"0x647f1e2399f3ecf56e213185f6883f478d1745f3","159.11137796","No"
"0x66f584ce50eb0cb8302d0bdf9c04185e33e9487d","156.93734636","No"
"0x8e0b2d6b1472e27a67403d0ff51b7c6648eb359f","154.75534444","No"
"0x8b4bb091c4283c746f385f73ded68b87e62a52f1","153.85091071","No"
"0x1ed1168e29ffe428011de075d4410037c52821a9","152.14830638","No"
"0x9d6973c157c5e7f5338686b6817e5bed96cd7649","150","No"
"0x7d434f63a355ec8c4c223788a137954aebaa4ce6","150","No"
"0x2d1fd0d691982756ba8fd3f9290d3fd4d7a22855","150","No"
"0x3090de12f34fa6bcb37f1c57cf3332f5c247ff3a","149.23951865","No"
"0x53fefbe3afa9a2693105c9a9df2bb448bd4214b9","147.5692842","No"
"0xc2427a09d88b16a3cfe95f037749554578215bd7","145.36112742","No"
"0xac1550148b926b6255b808efd435f14cdaad9b9b","145.31566059","No"
"0x1fb052ffe3280a57b4d06d9121d65b44d2372f03","142.30217358","No"
"0x62cf7bea923b24e478093510142fb296de938a4f","141.45451586","No"
"0x594e575bc155b2c9f9524b6a404ece0622be411c","140.49103033","No"
"0x62630762b3c8f58c65a90e1d5c5199b6a87ba390","140.4494382","No"
"0x0a68009106c0855abc74136a67b622d041d925b5","140.35963715","No"
"0x09307ca0bac538dfc51758b2d371276ac052f75f","140.00000166","No"
"0x8ac894f15d09adfd10d446b47d7d3c90ff192032","139.46700529","No"
"0x709f4920c2fcdd05c4163780252d7900c8662c17","139.23698134","No"
"0x60a8287ed0a98a8514de4c5c06cc3ead91dfd1f1","137.52138841","No"
"0xb31763897d4ea872a1506c175065d963b60b5673","137.05436178","No"
"0x418740e19536785a1fa344fbde300114e65cd301","136.71475865","No"
"0xd0bc5a313d0e1307112a0b5a1312b60079e04491","135.95648045","No"
"0xa602d9e50abe832cffc7b800994c4bb37273b4a0","132.34515616","No"
"0xf49cf0d63d4b6d4e96aaf6d47ec137ce47a9d2bf","132.11003771","No"
"0x202b1793f642c750e528ce462c17bc588211b152","131.95029158","No"
"0xc8872bd5c46bbd38ec6958971e6a7e4989ff896d","131.39418822","No"
"0x77fb01c4be33ffe8e338cc7341a8e1c9075167ac","130","No"
"0x536a366c559f05d840f55eb9f3a99fd23f8329a2","129.95914232","No"
"0xc7ab7c6ed66efc72ed52503626819a8d10027970","129.57387934","No"
"0xa7711a889be65cdcb478d779b70eec37490a96f9","129.3906781","No"
"0x476dba4812de859406ccddda651087a000c86459","129.26243567","No"
"0x494cdb1daf4a5dcc040a05ef6b48404e4af8ef8d","128.58623198","No"
"0xcf86e361c0a34d8c60680c0a974de4b8e8a02899","128.50718609","No"
"0x5dbd15dc37d65ab35ce6b8789eae617330842bdc","127.47875354","No"
"0x02a5ddfacfc0fc78cd81ecc545362bea4d82f8ac","127.18691074","No"
"0x4778c094ba612b1e862b62b9aeed426220de52ef","126.94298271","No"
"0x08e36ccbfa986ae9356ba449e7eb8c7295dae370","125.62820286","No"
"0xfe74dcefebe7c5185dc6278c42ab465724317aa8","123.63745986","No"
"0xf4a8a43c39112dd0fa9bed507b223fd3df8d12b0","122.46671591","No"
"0xdbd6751df9d464c386d665386d056e4a7175c0ae","120.98931592","No"
"0x36909602dc6285aedf95f9bcb359113faf6696f7","118.79869173","No"
"0x8fec73020a7cf6e30cf00de12c6312fd4b755ded","117.02664124","No"
"0x2019b4153a3abfabce39ea2a0a09dec1c046c0ab","116.99511031","No"
"0x34f0a15952bd2eeec8167382c82046136677b7b0","116.92307692","No"
"0x19ae5bd941bc2f1cb75db4714cc036790a5ff36c","116.72741591","No"
"0x6af467a4a4249eed07e6dcde0d96137063efe58a","115.35948788","No"
"0xcef9c71714df482f501c17ebc04f68b3b112b127","114.88061212","No"
"0x5a9565c93ce16be8e4a43a8990733218b0ca220e","114.21319796","No"
"0x74c5e17cae170c06482137dea33efa7ada2b55b1","113.71085298","No"
"0x8a46fdea92ccba0d6b9aed827e889921f3dfad1e","112.94623497","No"
"0xbf30fd3f7cc86e85bb2bb75c78fa5443692b3e0e","112.89658014","No"
"0xa6691aa242e36e1204c2d5086c887313ffdecff8","111","No"
"0x9ca602c9ac76089e5a5c138eacb03ae1e721c2b6","111","No"
"0x4e0b7750f8c466190445a7511b76f8a7e20b2f00","110.48647622","No"
"0xc6764839c16fc768304dbd245c9ed76367b40f22","110.38038863","No"
"0x6fb817cac203426470b2c744ae7209e7f10a25f3","110","No"
"0xee8e4965c77f735274c690438a3f97b476c8c09f","108.75414955","No"
"0xf42a65a988cc5fb359edb98ae4c1e18d4107e60c","108.1727943","No"
"0xb4d994db823e9a7411f1be1b8b41edcf3ad53e1e","106.00408577","No"
"0x204c77ae92f3218a2c578bcf278ee3dcda997221","105.53892957","No"
"0xf9c3bd77aa3f025263c62b1b5cc9cd11b942f526","104.80159543","No"
"0x9d8a925cce3fba655865555cd29f1d82ab0d6622","104.54783063","No"
"0x37609c635924358be07fe80d161dc12610b63e94","104.33078328","No"
"0x3605dbcacf721b53405ca8d1b219882f538ae032","102.80514504","No"
"0xe397e2f81fe17d338ff3aed28ca252e5f9680fa7","100.78777102","No"
"0x98a355b25d1baa16c5eaf140e58efd5f97dc2f17","100.17251766","No"
"0x6a4dd30ec3572df18190b96c3e3601adbec3f2ee","100.11873471","No"
"0xe2334c419ad09d9fb55e6388cab5478ee56006b2","100.10227278","No"
"0x3a4cb781e486241f1571c8b284d90d0386e60ad2","100.02496497","No"
"0x59dc55925bfa66ff1540fb9d183293ce6edfd491","100","No"
"0xc57e46c9e65c1340bc5c867e858ea5a7aa54dc74","100","No"
"0x057e070a6b7e85e2c5cf18a26c767d737931e7ce","100","No"
"0x0398092a3c102a4559acd5df8fede76842a55ebb","100","No"
"0xf80e02fb26350bedeb05a32959898eac93edfb48","100","No"
"0x0e3167da5e6b3f844e7a21e9c3d118b68c981a41","100","No"
"0x4f97216b6e304575a19f1201d596c8ee543817a0","100","No"
"0xe7715e1aedde7c316957850c04113bf25acde647","100","No"
"0xf80e20688b4043e4e11ae404494b67f36469223b","100","No"
"0x4ab1ecea5507b42c905d370fe0868d3fa929885c","100","No"
"0x8803383cb54016d734ce4b26511e0f01d08a6359","100","No"
"0x1272ad9263807e7d6049c81597f0b9925c3b6e5d","100","No"
"0x486564874a9b1115ab76ac824cb39d19cc0fbc6d","100","No"
"0x0eea3aa49c2950a9b49203a06480764dadffa553","100","No"
"0xa1c0c60330cc521ca4c5deadfe145822559bdf0a","99.8127715","No"
"0xb43b437632985ac46e556abe57a535b5380d3f47","99.06443086","No"
"0xf3a67f2b9600c0c395b86747229bfcbf0273fd46","98.88402316","No"
"0x51b7e1616b9d86fa260831877f74d89e3731606b","98.61660079","No"
"0xa2d731653a2c0bb07720decdf07ff53f2e7581c1","98.4731575","No"
"0x3b2991bacb4e05e09c4f610064adae6c353ac56c","97.72370928","No"
"0x065e8e443d3fc22537266db35e980e9d4bc90735","97.67532721","No"
"0x790d58fc5475342839fcef4e3dddf52313f57f5d","95.69992647","No"
"0x484d4f201ab32c48833db653a9db9739aa1dd1ff","95.6937799","No"
"0x4039604160fe194dcf97fd9e842f89e965fa640a","95.02066003","No"
"0x718f8cfb9c459f0f8156eae852bced1b454e7d8d","95","No"
"0x2118ecb42cbda55d2efc3050b5637ca1befc355d","93.89448185","No"
"0x42c5f6fb7b7c937d78544b30c653aeab93331cc7","92.72962682","No"
"0x34a036d7e35caa76ab9f77e2f306eed1b52a87af","91","No"
"0x46f97c266a46f45be1e89207cfd2a5d782bbb300","89","No"
"0x2c4ead164109b311dc34e4ba251869f56594b8f0","88.40003761","No"
"0x631ab4f5768c1beb95bf0b735e0c4b35252b993d","87.16614201","No"
"0x39914c5ba11bdbdd906809c0eccbc146832a3735","87.07308512","No"
"0xabc99d84e5bca559f0923d518c09af2efb75e6a1","85.71428571","No"
"0x3a28db9041fd5c508da127d7171f53787476e5c8","85.70273285","No"
"0xb17be52ba5b1da1272f9e067e5060e2be2a20c78","84.8644672","No"
"0x6c29d6218c44675ef378833dd05473392364e9e0","80.28278685","No"
"0x169d63d5603b5728fb01b97b1d04398d9dada520","77.93742058","No"
"0x69d98bcfd65fa69f19b14c32fbdabbaafbd57f96","77.33901772","No"
"0x09cd2552f0f0d5eb4c3a821313927fced1814aed","77.30236567","No"
"0xce4837d473590aabf2778d456c05a4e7f767f56a","77.04160246","No"
"0x85f6ea2037b883426f314b1a0b381801efeacb60","74.66683778","No"
"0x41631d3773754e4986feadeaa9be07b3fd91ed7d","73.35329017","No"
"0xfc2b1fcddb51507233580f1a5438268639dbd918","72.19777878","No"
"0x6d18eedc83be6624fc46718195dce1b26839f4cf","72.13328369","No"
"0xb620ba145abd9be1734d538e77672d28d5b8ac12","71.18783726","No"
"0xf37704c7a790c26b0b63de1638b23299f8dd4e5c","70.92198581","No"
"0x9dc8614f2a7c5c2f27248ec6370fbd3b0ab2196b","70.88233637","No"
"0xd80740e4de7fc53795344f41eec0b4b3d3d828ab","70.84252261","No"
"0x372f19a800d06e155f39358e0051e3504e13994a","70.80369843","No"
"0x488802f4ec0ea83966279634c4a3fdfcf6802814","70.39200167","No"
"0x882fbb4878dad74ab3b3ad21623e9dd9c544dd8f","69.81562971","No"
"0x377ff5abf35931e8f77151970b88184f9813a5ba","69.73124743","No"
"0x483b05b4b224427edcd1f21732d595752584ca71","69.4293227","No"
"0xf6b33cd3fc3b7a4c3498a657728d6686bdc7230d","69.41009198","No"
"0x3bfbc163db210b4f9e76c8905a3078f5dafcf943","67.82786353","No"
"0x9d03b551a29e75d80f16ecbdcc93dff2600dba75","67.28020788","No"
"0x1a6788d1d0a032432d4c901d1c47b1ee018c1943","65.43563058","No"
"0xb1ddcdd6da4855fdc861c31626120a95837401d1","65.36799104","No"
"0x3ce895949019d66f0569556c60f2dfeda46e7e31","65.34537289","No"
"0xd1cac91c1a4235451e99aba95ffbc3e497d33560","63.43784409","No"
"0x9e3c78aaaff50dd300c653b00e00acdab12fe992","62.65433529","No"
"0xcd71f71adfab2f441c88a7f2ae6266288f914427","61.96554715","No"
"0xef8595dbbe138e5590baa37a38c0b764865889b6","61.05456322","No"
"0x8af6efcd97826e859c511eea0cdb285a72672de8","60.9498","No"
"0x6ad18b3cee256641a453ce3816078cc636507f16","60","No"
"0x8235a8a216ff4a1f252ac732d71f8d2980e20df5","59.57889975","No"
"0x015a9e18dd42158bf36c9f4c74572bb2287f8dbe","59.54571592","No"
"0x83f67bc86fc48abcd38baf61f305e6e199078352","58.62610806","No"
"0x840caca55c838b92063cccbd41daf56af3eb801f","58.15362248","No"
"0x080f8d1aebbaeaa1a82359253e1a66666be07c36","57.8283676","No"
"0x3906dcacd4ddb2aed4753e08d676d7aa63b606ca","57.03527573","No"
"0xd620ff1c757dfdcec77657e2134f7ecb9214f5dc","57.00393133","No"
"0x576da0260daec56d8ced30536fe9fc84e7d15542","56.61558917","No"
"0x116d132238864d48489e884c255c47db34092b74","55.55555555","No"
"0xe920d28483dae2d7d66d74ea18c47472f7a72f9a","55.49389567","No"
"0x301cab93ac29673eb899dd7d01774b010fab255b","55.06464938","No"
"0x6252ab3791ab45adac5ba8999fd5dedf630d407c","54.54842947","No"
"0x09fbef77ff6e5c4ee70e61a877404c2d0b7d698f","53.84449709","No"
"0xd605b7b74ab013ad18b6998816d06ff555e72d60","53.77150446","No"
"0x6ea0bfc9cf91340b88cd6a7dcdf505c52b4a438d","53.50803864","No"
"0x64c9b212a6e5705d0956571812f97e35fa9280bd","52.86620121","No"
"0xed268cf1b986f4991ecd24b91fbaa16e938a43a1","52.83898364","No"
"0x7da8d6121c4abff6a8fdc62530aefeca23f62414","52.65374894","No"
"0x12916247bafb7ab286ec0b4ce0f4fdb8052b4710","52.47588104","No"
"0xd91c566589852cb941fd3c54b0b080b4fe52d988","52.47140308","No"
"0xeda403617273eee8299a8a57b74020852a6fac44","52.1437848","No"
"0xf4894165ae47d65c70d9ce84988095860ac3f912","51.9574","No"
"0x58f38ea9451f4d33f1a7032fe9d76bcd7ecd0f12","51.68225748","No"
"0x3e4023c9a9c63a8ed0183f71fd211593bc19413d","51.43040822","No"
"0xe56ce9b2d118f9af3784f5f95dd2a83700e2ebf0","50.80614543","No"
"0x062c95b0d69c8bd913d5e1fe0e9ea00bd0f34b7c","50.62213964","No"
"0x7052cd2c58e40aef2b4c787929e271207e64bab5","50","No"
"0xc9637ac7abf4c00fc94f02f8be5838f51332b114","50","No"
"0x502b400a869d10932d791a7d5cc02c3417cda13d","50","No"
"0x949f0d44044a1419cae88ad97f684222332fde77","49.85696039","No"
"0xb6f8df3cf0f9b5fa278bdbb4768af6c9888e275b","49.69892026","No"
"0xc23ca051fc6ad307bb07c1b27e22391bc8f22a44","49.43561496","No"
"0x1e00b1213abf8b541d10bec925d15a753123e60e","48.97159647","No"
"0xe05df26e73d2adbcc05fdd6034754092b4735d91","48.80541714","No"
"0x1b5a4ef579605a41f51cbafae0f96cd68446c0f7","48.46241959","No"
"0xcc02d216cce1c5f378e1470d4147bd2418831678","48.18203687","No"
"0xee6628b1be1b3571a19cc44edefca0ed46c6ad08","47.96504735","No"
"0x0016f6721d669fac3b65870ec9b533f417d615b7","47.70992366","No"
"0x25406dd577d784f5cd3e51f5caf3361645b4bc10","46.57138733","No"
"0x90ef0c345b742b792b13d80212fbba05bd366dc8","46.06927418","No"
"0x27a1820c42aeb563c9307c64e5cea1c417ab47a5","45.65717994","No"
"0x3724889aa6d095cc1630f0f72423cb6c9aae1e7c","44.96048728","No"
"0x6f448878bcb39743041b229e1740bad3e67b74a9","44.03344145","No"
"0x9ef1e728e04e8860808e895d163ffb4aa5dd7845","43.76090685","No"
"0x4bbfaf6140948287ad969920b14258de70835888","43.56123009","No"
"0xc75640b6221135c45ee62e2ff7cb954aaf6c0c94","43.44879651","No"
"0xe14594d191a6e4e056daafec37d807e3f7697798","43.30077099","No"
"0x4816d64f4ad6318c8a8d4169171d457da9104b4f","42.48768472","No"
"0x19770a898a4186b64ecf7f2caa85b92e6f2a546f","42.34168785","No"
"0xf3dee3291997fe808cdb177d6b4c565cd7f7252c","41.99178644","No"
"0x2e46d6420c704f4ba00aebd642e4b8a0742cebc3","41.41358365","No"
"0x57988fab6c77c35bfc0860e76a54a8cbf6e9873f","41.31247284","No"
"0xcf5e2066dfbf24ccaf055f7597d602109f3acd9e","41.00076589","No"
"0xa6384f77c5fe5b773779e732b11ea6f4d00ab7a8","40.2730578","No"
"0x839612ed5e5975d7c019e1b0bfc7d4e6c24383e2","38.77259267","No"
"0x1bac198774d90e6d5ac8154656187ee1c7163a9c","38.25066938","No"
"0xd30566f14b1bcc1df58b66eee67d1035526b9930","38.13882532","No"
"0x91b6475fc22a9d45697db64007c2de5d6a1e0bbf","37.4591322","No"
"0xca60443d5042c34dfdf3f009c1f52b3b92d1a30e","37.37482705","No"
"0x4f108f6c5e1811b0bce774578c73048029b5c7d8","37","No"
"0x8de4ee616fa9cfb5f9042bd49343afd1a822105d","36.71071953","No"
"0xb6bf5858b080c352b41a01ae7a6fcc4c2b4b746f","36.02045797","No"
"0xbf759cc25f30dbea42c1ae7f4b22302a0a365a21","36.01642015","No"
"0x9e03237a0ef92a6b6d8d0c569fd40d227371efc0","35.9110521","No"
"0xda2b0282d8fbd352e2581253ca1e8e74279ab65d","35.59918898","No"
"0x9aa266a887df2d11640fcbe63702f316d0826637","35.42676819","No"
"0x6599f3e5fc6018ce9a3e61aee05187bb25b6b954","35.41388184","No"
"0xb173c557b9b71001c65b573b13e7c3b697a3c0b4","35.30498416","No"
"0xbd0e2a92771383fc95dddd49cc3892a4dc4f5de3","34.46021243","No"
"0x9fca6feb39462273372e2915024a31fca775d37f","34.21142661","No"
"0xfb0aae06bf77693ccccf27d9c7bba4c454d48b42","34.09478349","No"
"0xa8cb8926d4ff8004c73f6feda87745e1cc91c225","33.66061899","No"
"0xf1f6926bc56ed35a5c4c8c4b10227c91d2ddfa88","33.20751813","No"
"0x8e207f22755167a73efd7b2f2b9665acf556f6f5","33.1711632","No"
"0xdbc10ce6b70d48e52c13b085842e22f4208c40e0","33.140118","No"
"0x9f6f7a65d17b72619493dbd5c3bef68d1482dfcf","32.14980026","No"
"0x60b361b3ce9e0e914b364bcc409d8c4549727932","31.98294243","No"
"0x465f0c14cd86d362aef431f70c8b53980818d887","31.62456698","No"
"0xf9456838e50689c9a12cf89e9933412a3df2bc85","31.41394961","No"
"0x4e32ac23a899e312753ad3e2d87540e0e23e238f","31.292517","No"
"0x376482edc891d0119340924a74aa7578b67d98eb","31.25514787","No"
"0x17643e119c896a904194700b3caace878fd144f3","30.68217507","No"
"0x8d1d96a7184446053e4f9efeaa5fb4cdf180b9cb","30.03905076","No"
"0x192bfb90230df319620c255d095ecca0c223a279","30","No"
"0x71165460ce8152d0f770889c86115b8a226a9231","30","No"
"0x5d5fd68bd9f83d141fe11db6a49a3c5fb613da0e","30","No"
"0x67c56511a79cd1e7b42f5e97e4e704ffd96e5898","30","No"
"0x382ffce2287252f930e1c8dc9328dac5bf282ba1","29.67060758","No"
"0xaccfba9a54425bb3e5bc2467c2a75a9c1c5523c6","29.21511627","No"
"0x1dd36dcdac439ffac387b87f76279911047dedef","29","No"
"0xf96da38a4d4ecc5754a09a6c7a0e81b21c90c7bc","28.88186212","No"
"0x0dda57bebe36f0a83a438e1cfa2163b6920816e3","28.866518","No"
"0x8efd24a76dd1108c8c4e1c4f3bd107e28af95ac1","28.42090801","No"
"0xdd05a53ad9e181a1a0eecf00855bb0c36e474e22","28.32058906","No"
"0xf7381b006db38880961c411f50b8078155dbade3","28.09110629","No"
"0xcbc812b8b6d8860e2180e1ec8c84b8a8ef2efd5e","27.70828416","No"
"0x12a1dbd6d8ea8762e144bbd2eb7580f8f541bb33","27.11864406","No"
"0xce2b43be0da03f958a5dd34dd7b24e73dd779271","26.45741355","No"
"0xdca772d4d5c88fbf717b329c1899795dc2e085fc","26.28666297","No"
"0x2b63825bc901ab55f6a599d9a82708d507692ab4","25.94033722","No"
"0xdf34740856a354192c1654ffaad7bdb25c331e89","25.87322121","No"
"0x8261ad1cca935bf862289a37fda2e5a7596dc5db","25.87181903","No"
"0x00a2ae0b63a1c30996d365f135b4ba3a42aaf1cc","25.84993572","No"
"0xdbb3586bb1a8cebed6bc1bbd813f341c5c65f7ec","25.67428718","No"
"0x36b8d0b7cf4e1b2d37f809c9f3e062b64a3a5ea5","25.47531903","No"
"0x511fa2059624e9fc7be1aae20d9a8d1cbab63c29","25.06625415","No"
"0xcf5a8edf4f1d538d085ccf7b23575a63096e74ee","25","No"
"0x9e8907fb26a4e07045112c6cc4603f607161a4de","24.99375156","No"
"0x2a12f82839cb681d06a1166b2c7c282e5bb4b66c","24.97974888","No"
"0xf0ff16a56cd9a7518290aa4276e9501fdb374a46","24.55661664","No"
"0x1174a80a03b55ccc99b3eb4ffb0d6edc59a39805","24.4375","No"
"0x583cbca84ed57393e042e9ff8378f8a638e36839","24.40929505","No"
"0xbdc18553548d1ebd2c4456646b379fa8f69d61b4","24.14001207","No"
"0x1bfb7aa30a7deb115e2960cbf18c578f279ead2c","24.11309833","No"
"0x8076c74c5e3f5852037f31ff0093eeb8c8add8d3","23.61400416","No"
"0x8c0000e050dd5008e04ca5e4fea6a856173fcc42","23.32580758","No"
"0x2a9718deff471f3bb91fa0eceab14154f150a385","23.24068048","No"
"0x26bb0234e998a72b8f719bfd543a8a4af0dfbbbc","23.05842268","No"
"0x4534abbabe213088d2c702bd59fa7de26113a403","22.09840103","No"
"0xc5399cfc64433b67edf0145fc82823e5798168ef","21.95330899","No"
"0x59c3e5644cef1cd9b56c55c9c65a07ad9b492bbc","21.89086177","No"
"0x041b5789c0caea2d9575161a41755e0a964c19e3","21.8874044","No"
"0xcb0e921a92fee0ef74bd736118ffb7c38b4a4a63","21.17424765","No"
"0x36feb704c4a7b128987560a3a9343ece79a6c8ff","21","No"
"0x1140357acbb30f54264be0748aab1cab36b6f9f7","20.91062394","No"
"0xd94f931cc5e574bc3efc68ca74f49c5e0bdf63f5","20.63157894","No"
"0x6b98d92553c680eff96aeccc47cfe90787b3764f","20.51867851","No"
"0x6cb264194af62ecde83c3e13aefcb7e2a70b0bfe","20.39517749","No"
"0x3b329114b245d12115845aed16404cfcf78414a1","20.23638857","No"
"0x1e1148cd796ded55dc541e5210298ba92dd31dcb","20","No"
"0x7e4a5e7def7a222db205a3b0034829b674a1d100","20","No"
"0x77134a47d13f6f5c43a30e85f24dbd8e5c49751d","20","No"
"0x812cf5de7b9941171dcd32af3e97a84a93ad9588","20","No"
"0xf0eb401cbd2c1ac4e09d4292c6399fe1a4110bcd","20","No"
"0xf772e5346997847ce8eaf7447c2f39182fbe1520","20","No"
"0x8611f1c83aaba53035dfee5ed6cc614b4dd2acc5","20","No"
"0xee9217bd5a6c6984ddbd62f06aadea8ffe7a7559","19.91601819","No"
"0x9e84a489fb93de594ad999aa962f2aa5bbe9b9da","18.92480807","No"
"0x8870be7a51ea36a06ead2c35ee22e3919b7fd2d3","18.57720236","No"
"0xd5147d623e86b53d0873901d00bb3f3f99679f1f","18.56837805","No"
"0xdedf5620bc488cd2d0f104998f2938fe25de2390","18.55373625","No"
"0x76d58cb875cb9d4c5c6c966890e92db814ca1b95","18.54258528","No"
"0xdaf10e8c84ff2976b55e6b510080734e24ed876f","18.41620626","No"
"0xb5fea19954528f3eb8cd88a6d4d87f9a2d555fe8","17.48251748","No"
"0x34960a5ed013941ca48fc7a197b2daba7c5228d1","17.35715614","No"
"0x7ed1e469fcb3ee19c0366d829e291451be638e59","17.33222095","No"
"0x84259b759aabd8122e210aa8672cf0b0f8cf09c6","17.31353197","No"
"0xf72fdaefae281f0f7a85dbbefdb19726555b4634","17.17432571","No"
"0xe6ab13927b5a6c9016f08cc3ecb1249acb34ca79","17.04868346","No"
"0xd6d886ca7678c79f89895aae4c23033f4e40a803","16.69218904","No"
"0x310340dfc9d99aac9c62f13e7299d181fb238ba2","16.69060431","No"
"0x84116213298a41889e13a248d366ec65801b2fef","16.4095641","No"
"0xa3a7d4f24ea1e388d66966d047ac8c051398959e","16.34005133","No"
"0xde54982bd49f83f49069ee02ffe6c2822b8bbdf4","15.93438938","No"
"0x42e5a959f3ab681aaa13de58a897ca2080544d93","15.76093809","No"
"0xee5b207b1a4fe590befb538025cc467ba8899238","15.7226792","No"
"0xe1f4f5ae84e2d01a61478a9d3b149558035da875","15.38461538","No"
"0x2c352c3e4bda141c8e2063dccc0902566d1e8df0","15.37757657","No"
"0x0494ec273ef3c44095dd8d858e95ed788f0b255d","15.13757448","No"
"0x1114757876b8a62cad59e87ca0961c4708da0dff","15","No"
"0xb5cf4ee85df35096b5568c1220ebca220d427f33","14.91198937","No"
"0x8c1c703acfa48947053b13cac02df1265464dba8","14.49275362","No"
"0x92aeb76d7ff5691d22ca76fc89205389df0a2c6f","14.38228102","No"
"0x44cedc4b4d042132b908b243a77138386b13becd","14.34308663","No"
"0xc5bf8e8f23016b3ba7afe7731c3e3b9a231c93de","14.19238644","No"
"0xdccee2af9891ec4f3a9adc4208a45b2cae7e9083","14.10580642","No"
"0xa8257b4903a45c0043035e1a7ed368241672bd96","14.09715123","No"
"0x441cc1712f95648743bc60272502e18ee020e924","14.08468414","No"
"0xd7b9c435165026b45a856fa2e25b3dcf911881d0","14.01062867","No"
"0x1c892643afd358c9e44c35ae53e16441e503a94d","13.91032209","No"
"0xf8c990e3a73143b5d090f3743f7c3232fc90b467","13.43002954","No"
"0x8e85b4b9d03036bc96d523224b21627ece98561d","13.24649215","No"
"0xcdf280e3032eaebb4c85d58e454283ce0eec7044","13.14440842","No"
"0xc41aef0890d9ed0a2c7930a1b0a8d78c15979786","12.84692417","No"
"0x42426bc3935cd4def70935c9aaf6a20e741ce968","12.76449512","No"
"0xfdf04cd9f2b33c6c70656e93ad21a505e3573665","12.60736196","No"
"0xdf8bef0a00d4fa981fc420f0bcbb73d1b50c7928","12.41778095","No"
"0x44f4aee9bdcc9ba495e12afbcf8fc29e606460c5","12.31345121","No"
"0x172b299429f7ca63cefe0cfa1d560da2623742a1","11.95657372","No"
"0xb4448854f8ce1111e8268c30c1c70da861c2f0bf","11.7249058","No"
"0x11ededebf63bef0ea2d2d071bdf88f71543ec6fb","11.42013549","No"
"0x3adba1b09a15f56a360c65bfed6f1ea76e32e353","11.17006422","No"
"0x96a34992c69146d574f1be8e4cecab317a01183c","11","No"
"0xd867ebe1179e4beec4522b0231911fc62bbd900c","10.99369017","No"
"0x5eba7298d01d8638b71372587060365be5854559","10.84595031","No"
"0x8fd4276fb67c8dbdc2cacc6b334a3fafb7580afc","10.84069597","No"
"0x26e8c54125bef087a6faff1c203ae71b92cf5b47","10.83775875","No"
"0x47f6de5940e127240ab5264a3f315fac4fbb544e","10.8","No"
"0xe4c2bfa4a0ba588c5b1a7eb57a20c27023dc98e8","10.77199281","No"
"0x2da669a643750f8ecb8172de304f70efe1e0a867","10.66276395","No"
"0x90eab576651e7344067b70f90f6f1e39fcf905b9","10.5999576","No"
"0x2670616b8693dae8d131882d8336a063af1b4f22","10.52631578","No"
"0xbd416059c2f00a0074b3de329aac76517729548b","10.52036929","No"
"0x26bfc9bc489186d0465054c42b9ff279662d8d44","10.37168894","No"
"0xcbaf3a9a3c1d00e2bf714fe8941625fdfdfc64b5","10.35089535","No"
"0xd1bccf5b38426300752afe4095d4a163d2f35b40","10.33271337","No"
"0x005e103c427a0a1ca4f606fce3b8bf627b092450","10.29531292","No"
"0x98645a2bf1cdd1041dbb11e8c035e3687f673e6f","10.28467465","No"
"0x1528e998050fecab991cf3f1351d1b712a51e774","10.24837231","No"
"0x8d6553ebc18d18ce5e26430d97c08b5c179c0681","10.20815021","No"
"0xcf98c7f7569daa2d64402a7e4c9c69bf468addb3","10.16292234","No"
"0x86215b03a5f28633c0bd73be308590da72b25440","10.15473887","No"
"0x8d6cdd3a10f0e251d9fab4ff07fed35ca414d2d3","10.03764115","No"
"0xc42020986cd687d9bec29b34984ce3fa46bf1508","10.0361055","No"
"0x2bd6d77236839b176efae474b2591653cc3c88d4","10.02045843","No"
"0x0701b732a321cdc055e9802ee8b83a69d918b6f3","10.01430615","No"
"0xfa112a313d5f2df5284813447092c373c4833f0e","10.01227552","No"
"0x4a9873af9f2344deba8eb2a7e10709ce71597f0c","10.01201441","No"
"0x024ddc0a6f454d1bb5e4dda12c70ed80c0daac3c","10","No"
"0x8b0b041442e32b1afb8c93220e7cda63157d1f58","10","No"
"0xc9d771ec970ae105a6a95511427d23e75b30b578","10","No"
"0x2775e2323f562d9496a70f812c857dce1e9c6644","10","No"
"0xcea7bb5585776d478517b16c0ece07b3488ca226","10","No"
"0x908139c058a395f9d918e8b54fc98e87cf79b40c","10","No"
"0xd26ecf114b06edfafd4e7c9ea2498943730a7f7a","10","No"
"0x8a09b7ae951d7120ebc77211e0e8d4b96292fabc","10","No"
"0x7092f2e5d4bc1ca4494d64f2d8b9dd9726839218","10","No"
"0x282c623b7a15f4c99a619a8e2e9bff67ac1d8b80","10","No"
"0x131599d00c4c28b218bcc48c958e982c3b7124c8","10","No"
"0x4950f4dcf76195fc5510ce2276dbbeacbb20be5c","10","No"
"0xbd5011c2737cfd9d622b0a0b90ed9a1272cdd6f0","10","No"
"0xd439c38183ec60359eb72c62328f5542ae5471a8","10","No"
"0x82cc7abfb7676189e98ddf9bd05793ac374011cc","10","No"
"0x7b7c9c1cccd50b0f8979ddbb47142285a6f084e9","10","No"
"0x3c60c541dfcd39a26facf74fe61ec60475a45a8e","10","No"
"0x7c5210ae1240deea25764ab2e3a497de9546fe5c","10","No"
"0xa84b3f431fcb0ad1875c9e17c93b7d964c2036f0","10","No"
"0xfc04b1a91c001a495278020fa1707e2099f59572","10","No"
"0x785e0bc1b613f06d96c54bf02ae1bf2d17ed7615","10","No"
"0x542220e43c347777cf86f6c559f50e3baa79512c","10","No"
"0xae494420ed53e131b0c08f969f87fe8db7b18ca5","10","No"
"0x4ac1844712db4ad1c80a7080da372a9330f14f41","10","No"
"0x2bb33c3102205d909055399d5dc784136cd7328d","9.83333333","No"
"0xb7a883569c1d1aafffdbdab06fe9616ce738a227","9.77","No"
"0x1c059f41df9f0f4bef616ade955a827c075ff1b4","8","No"
"0x1e5ecea2ac829b56c79ea3c748b0cb4828b9553e","7.87401574","No"
"0x89e1c005f0f495623e5ca2de69e2613a9750d6f4","7.48708963","No"
"0x3ebd22b15603b98e26ed81b23ce2530269402753","6.57427592","No"
"0x2e1946896a3ade065974b31afb26c2b52308be0a","6.57188895","No"
"0x11f041a1da56ad5d8d57a44b9ee74b2e0f24e1ec","6","No"
"0xf9a3ea4d32d9da0e85d2730f03ab6429799c583e","5.33812887","No"
"0xacfd3e68d99a325bcca5d79518b0d59c24fe83b8","5","No"
"0x3de97a237506c8894f4e52c060d9d6a39cabd982","5","No"
"0x53bb5e68fb577b6077f00e447261ef0f4b932be0","4.23526225","No"
"0x17aa31c11f7a0c9f75fd908475b79bf1adab6246","4","No"
"0x48f630380937f1b6702fdc6dcdf261e84d77fdb3","3.43659881","No"
"0xbc5055673e70ef268b26194b6c58d925e3616041","3.29232332","No"
"0xfd9a6cd1670fe8eb4012d8abb9cdf25741a6ff04","3.02902133","No"
"0xc39b5c22065e8457bd0b8583c8d3c683d666b50e","3","No"
"0x01d72a413b233c9b602eebd8928c8142285c4260","2.74239035","No"
"0xc44e8485d406cdf6246e8be7a18c104de200f799","2.69250536","No"
"0xe75b1055743a1b0a555b88ea0812c7a1890bc8ee","2.0651582","No"
"0xdff262bf0298810e4e4b479daa6dd3689a74098a","2.03607598","No"
"0x7e2ae23c15b98745385c2cf82aa9f9105b1c6d6a","2","No"
"0xec4b0f4ad7e795c38f476b90ff3cdee5c040f9da","2","No"
"0x2eff40e0eb345a9dbce34fec88bf6bc794cd1be2","1.82113012","No"
"0x4a763c324a1faf0c294c5493106752304abfb5b1","1.77","No"
"0xd4e690b5dd199b64dea5b8fc08fc79a7f2cf7e76","1.77","No"
"0x906f18868d0dd2172537ed84bf6e184f439cce15","1.7561378","No"
"0x7de4f01672c75d198725e8359e846db68652b551","1.68189094","No"
"0x910bf2d50fa5e014fd06666f456182d4ab7c8bd2","1.67291296","No"
"0x44c2dd7a05cd4ac15a97e769748e05e7598ec082","1.66666666","No"
"0x66a34f28a2f319a4ff4547e6f9f835809fe2add8","1.53887359","No"
"0x5a97f1fdc5720785c5f7c8206de3cc3135b758b1","1.2","No"
"0x9a6d993596d30a224135464b6bea03fcc977f3bd","1.00000001","No"
"0x4ab49bd9f1a3a162d49e48c81dca41dfa8d0163a","1","No"
"0x0055d1e58cd91ef0e80ed4e89f66f2d9f1d6d9b7","1","No"
"0x07f15485a385cb91331ffb27858da39ffdb667ff","1","No"
"0x25c04ec59b4d159f53734fd0fdf415669d47eccb","1","No"
"0x35064b5b21697dca44972bdec7b2adf45102fb79","1","No"
"0x8adb73c2c39182804ac872964e0947c38135f7fe","1","No"
"0x9c32702e05a52cd56d152e447612417c225f3b07","1","No"
"0xe8ebbd5e177c02fac5c1626f9d57e84d15e6196a","1","No"
"0xda7b103df681f3c7a6dac83b5b8df66a2fb34a49","0.99549427","No"
"0x6025d96932d378be7d0a46343b437678a126ecca","0.98974381","No"
"0xa0b83e91c62289516b20167888752e19557ed683","0.9","No"
"0xeb1ba09f5f6c0bcbccf895055e758f4ad2ffe6f9","0.8791512","No"
"0x813685d77a5cbf000251287e2ef9f634ddfe08a1","0.84459735","No"
"0x8e2f313be1ccfbb439786de89644824456a3ce90","0.50201683","No"
"0x8df252da894db4ab205c1b4b8769eec0522f49af","0.208","No"
"0x17e0f77415c38b3875bf059eaf1cba76538905d2","0.08174253","No"
"0xaffb622d6dd77e750d67bd213d37526275eab226","0.00955431","No"
"0xfc0b35cf12cc6a8228156f353ab56d7a949e2c1a","0.00940227","No"
"0x00000000003b3cc22af3ae1eac0440bcee416b40","0.00550126","No"
"0x7b17faf8383702dda73572cd029eef6ce2b61185","0.00328257","No"
"0xc45630ef0ac56711567dfb9486bd3642d0757a2b","0.00080083","No"
"0x9694725e78735cd3afb38d003de2ba264e66b485","0.0004914","No"
"0xe6d3fb1b7f2db17c34d4bb232c0830ba36178086","0.00035129","No"
"0x8fff1c7a2a681bc2524d0d183a3a523436a6b339","0.00012417","No"
"0xe73ccfecf4c875c0ff8c1184a8c6ecb8d46b97a8","0.00007591","No"
"0x90b7a9441207d6e150df697f40bfd955f4a2fae3","0.00005984","No"
"0xc2c250909e0614ad410dc8eff0a4bfa6fb41fda8","0.0000574","No"
"0x51ab59b6ce05f520de211c9cb9e86d9b36510988","0.00004697","No"
"0x87f405d3e8c48e9a9622b78e78c7342f84b76c20","0.00000751","No"
"0x983e3660c0be01991785f80f266a84b911ab59b0","0.00000095","No"
"0x109ef9547510438ce7fa04886bcff0e3bd16a108","0.00000075","No"
"0x76885c4665793c21bede82cff2a1fc099bad7b4d","0.00000002","No"
"0x7cf09d7a9a74f746edcb06949b9d64bcd9d1604f","0.00000001","No"
"0x5488d6ee2bf6af1bda16e23147c779cf7606a297","0.00000001","No"
"0x6b75d8af000000e20b7a7ddf000ba900b4009a80","0.00000001","No"
"0x000000005736775feb0c8568e7dee77222a26880","0.00000001","No"
